version,offset,shares,system_all_ann,system_all_sharpe,system_all_mdd,system_all_bench_ann,system_2020-04..2024-12_ann,system_2020-04..2024-12_sharpe,system_2020-04..2024-12_mdd,system_2020-04..2024-12_bench_ann,system_2025-01..2026-09_ann,system_2025-01..2026-09_sharpe,system_2025-01..2026-09_mdd,system_2025-01..2026-09_bench_ann,research_all_ann,research_all_sharpe,research_all_mdd,research_all_bench_ann,research_2020-04..2024-12_ann,research_2020-04..2024-12_sharpe,research_2020-04..2024-12_mdd,research_2020-04..2024-12_bench_ann,research_2025-01..2026-09_ann,research_2025-01..2026-09_sharpe,research_2025-01..2026-09_mdd,research_2025-01..2026-09_bench_ann,same_names_days,ret_corr,max_daily_gap
MAIN J1-50,0,lots,0.26633,1.42501,-0.1817,0.06817,0.34378,1.72512,-0.1817,0.05584,0.0774,0.53553,-0.17411,0.10247,0.26564,1.42377,-0.18141,0.06817,0.34296,1.72409,-0.18141,0.05584,0.077,0.53378,-0.17378,0.10247,1.0,0.9999511587437472,0.0005875187060402354
MAIN J1-50,5,lots,0.26805,1.43444,-0.1817,0.06817,0.32819,1.66712,-0.1817,0.05584,0.11779,0.75325,-0.17481,0.10247,0.26793,1.43599,-0.18187,0.06817,0.32792,1.66839,-0.18187,0.05584,0.11803,0.75556,-0.17449,0.10247,1.0,0.9999550609861088,0.0005791916900705907
MAIN J1-50,10,lots,0.23928,1.30043,-0.18337,0.06817,0.29034,1.50587,-0.18337,0.05584,0.11033,0.70558,-0.17067,0.10247,0.23829,1.2977,-0.18353,0.06817,0.28904,1.50264,-0.18353,0.05584,0.11004,0.70466,-0.1703,0.10247,1.0,0.999954563619102,0.0005133710220850407
MAIN J1-50,15,lots,0.28118,1.49036,-0.19964,0.06817,0.34175,1.72117,-0.19964,0.05584,0.12981,0.81551,-0.16277,0.10247,0.2803,1.48803,-0.19946,0.06817,0.34081,1.71914,-0.19946,0.05584,0.1291,0.81241,-0.16306,0.10247,1.0,0.9999501857666158,0.0006397816496734876
ALT  J1-30,0,lots,0.24924,1.3276,-0.18641,0.06817,0.32817,1.63558,-0.17841,0.05584,0.05735,0.41655,-0.18641,0.10247,0.249,1.32732,-0.18594,0.06817,0.32754,1.634,-0.17812,0.05584,0.05798,0.42025,-0.18594,0.10247,1.0,0.9999356333221023,0.0005561661945616692
ALT  J1-30,5,lots,0.25157,1.32537,-0.20047,0.06817,0.32697,1.61851,-0.19789,0.05584,0.06736,0.46688,-0.20047,0.10247,0.25208,1.32856,-0.20014,0.06817,0.3275,1.62195,-0.19736,0.05584,0.06782,0.46959,-0.20014,0.10247,1.0,0.9999421271589541,0.00047891200187644145
ALT  J1-30,10,lots,0.21976,1.18485,-0.19716,0.06817,0.28627,1.45812,-0.18932,0.05584,0.05565,0.39921,-0.19716,0.10247,0.21937,1.18429,-0.19728,0.06817,0.28585,1.45824,-0.18879,0.05584,0.05532,0.3975,-0.19728,0.10247,1.0,0.9999387931795926,0.0005570739740865527
ALT  J1-30,15,lots,0.26522,1.39505,-0.1948,0.06817,0.33452,1.66364,-0.17156,0.05584,0.09429,0.61336,-0.1948,0.10247,0.26419,1.39147,-0.19474,0.06817,0.33324,1.65945,-0.17095,0.05584,0.09382,0.61129,-0.19474,0.10247,1.0,0.9999380655296435,0.000511627588602459
CTRL V9-50 (no Jan exit),0,lots,0.25927,1.37967,-0.18213,0.06817,0.30812,1.56396,-0.18213,0.05584,0.13537,0.83919,-0.16779,0.10247,0.25845,1.37818,-0.18149,0.06817,0.307,1.56161,-0.18149,0.05584,0.13526,0.84005,-0.16761,0.10247,1.0,0.9999516712203456,0.00046632900718868164
CTRL V9-50 (no Jan exit),5,lots,0.26397,1.40894,-0.1823,0.06817,0.30305,1.55547,-0.1823,0.05584,0.16344,0.98319,-0.17088,0.10247,0.26307,1.40616,-0.18206,0.06817,0.30179,1.55167,-0.18206,0.05584,0.1634,0.98353,-0.17069,0.10247,1.0,0.9999512962900641,0.0005791916900705907
CTRL V9-50 (no Jan exit),10,lots,0.23775,1.27802,-0.18385,0.06817,0.267,1.38887,-0.18385,0.05584,0.1615,0.95835,-0.16542,0.10247,0.23692,1.27608,-0.18304,0.06817,0.26583,1.38551,-0.18304,0.05584,0.16155,0.96033,-0.16507,0.10247,1.0,0.9999546370649007,0.0006468653153066661
CTRL V9-50 (no Jan exit),15,lots,0.27123,1.42354,-0.19999,0.06817,0.30474,1.53841,-0.19999,0.05584,0.18431,1.08612,-0.16255,0.10247,0.27033,1.4215,-0.19975,0.06817,0.30387,1.53699,-0.19975,0.05584,0.18336,1.08235,-0.16238,0.10247,1.0,0.9999519226786305,0.0006397816496734876
CTRL V0-50 (no dividend),0,lots,0.29569,1.44695,-0.19564,0.06817,0.32451,1.5425,-0.19288,0.05584,0.2204,1.1729,-0.19564,0.10247,0.29437,1.44381,-0.19573,0.06817,0.32318,1.53955,-0.19257,0.05584,0.21909,1.1691,-0.19573,0.10247,1.0,0.999973955430266,0.00046669891223127813
CTRL V0-50 (no dividend),5,lots,0.2855,1.40536,-0.1925,0.06817,0.30544,1.47718,-0.18903,0.05584,0.23275,1.20412,-0.1925,0.10247,0.28464,1.40398,-0.19218,0.06817,0.30448,1.47539,-0.18899,0.05584,0.23214,1.20377,-0.19218,0.10247,1.0,0.9999714125635555,0.0004775220664954283
CTRL V0-50 (no dividend),10,lots,0.28469,1.3872,-0.20323,0.06817,0.3035,1.45618,-0.20323,0.05584,0.23486,1.19509,-0.19072,0.10247,0.28455,1.38846,-0.20312,0.06817,0.30329,1.45712,-0.20312,0.05584,0.23489,1.19716,-0.19049,0.10247,1.0,0.9999727707317931,0.0006127836540235077
CTRL V0-50 (no dividend),15,lots,0.31397,1.51239,-0.20351,0.06817,0.34961,1.64421,-0.18887,0.05584,0.22165,1.14647,-0.20351,0.10247,0.3132,1.51219,-0.20313,0.06817,0.34877,1.64418,-0.18786,0.05584,0.22106,1.14589,-0.20313,0.10247,1.0,0.9999703998071391,0.0009128852305116952
