config,execution,ann,ann_20bp,sharpe,mdd,calmar,turn,dd_2024H1,y2020,y2021,y2022,y2023,y2024
C0 none,proportional,0.2377920131390867,0.22111322169173064,0.9775648483884788,-0.38862112079232125,0.6118864889645628,6.780985147848982,-0.38862112079232114,0.2390490918518997,0.3818184098222699,0.13071160571545315,0.3623749191560841,0.007116136977753484
C0 none,capital 3M,0.23782955877061096,NaN,0.9784110221849426,-0.38808355709073095,0.6128308051840708,6.7670400962054265,-0.38808355709073106,0.23889996832010207,0.38136709483855435,0.13129692570487395,0.3616126262527555,0.007748897779861652
C0 none,capital 10M,0.2376638770039583,NaN,0.977191851556093,-0.3886130779266337,0.6115694260007042,6.778981693501317,-0.38861307792663335,0.23886111238881602,0.38163740462597207,0.13071839033371657,0.36223332279089027,0.007022058476785498
C2 one-step,proportional,0.2705004779626283,0.2529427753214668,1.144269858159253,-0.3608911180200617,0.7495348720319335,6.930127299020657,-0.3558027958238148,0.26218364243124204,0.37855898799524024,0.23284902281436448,0.3243511544283899,0.05360486409484433
C2 one-step,capital 3M,0.2701988801148709,NaN,1.1436018878258976,-0.3612041593145473,0.7480503010475406,6.917453804586591,-0.35603275658197986,0.26153735662313404,0.37817937990353667,0.23416032548060217,0.3235038338620586,0.052843704539560665
C2 one-step,capital 10M,0.2703376938586526,NaN,1.1437443831952674,-0.3609340451008749,0.7489947194731874,6.92846697539459,-0.35584132029804816,0.2619868296571881,0.37839363163987283,0.2327745296267063,0.3242428316405013,0.053427185599095095
C2 0.1/week,proportional,0.2577893991799738,0.24104129967299492,1.148492351133894,-0.26973125354050553,0.9557268421668517,6.697199702118612,-0.258556754493822,0.24693799448238174,0.3790871920633876,0.1617756039990148,0.2536216911892213,0.14134185249946074
C2 0.1/week,capital 3M,0.2568894095939087,NaN,1.1455655043711033,-0.27018674868567616,0.9507846363433722,6.685560720195878,-0.2588589691565928,0.24548630120875603,0.3785091431443448,0.16223559832476497,0.251832375113729,0.14058738009850824
C2 0.1/week,capital 10M,0.2576522757664841,NaN,1.1480117782854569,-0.2697575360614233,0.9551254045700401,6.695720288345607,-0.25857967300497386,0.2466364505618872,0.3789089420128984,0.1617801616607366,0.2536158885571107,0.14119640491903662
C2 整体 -5%/day,proportional,0.27962355905871994,0.26205311671696196,1.1964556360776555,-0.3014596308215355,0.9275655194584163,6.894828288998674,-0.29609670742084626,0.24305525680333862,0.37460880515761596,0.20606073267591496,0.3037657815720076,0.15114571142284827
C2 整体 -5%/day,capital 3M,0.2770360787369448,NaN,1.1882480579904837,-0.30273525826876635,0.9151100546438301,6.886288747832047,-0.29682763929865574,0.23836428865121428,0.3734998650457855,0.20690173092240394,0.2989747631795745,0.1491941601194433
C2 整体 -5%/day,capital 10M,0.27896613221487576,NaN,1.1942116321322973,-0.30159132842871994,0.9249806142248166,6.893120796905947,-0.29616887295729943,0.24219201258995682,0.37427443646510383,0.20525676047750951,0.3030792414425296,0.15089041387955526
C2 整体 -2%/day,proportional,0.2637691104238937,0.2467431062738037,1.1738838795539235,-0.2595127533739022,1.0164013405686425,6.7800831080972515,-0.2478377902825588,0.24381204160425063,0.37890862513201506,0.17569427897557754,0.24775945506755082,0.161069348759586
C2 整体 -2%/day,capital 3M,0.26143012419745015,NaN,1.166288599964704,-0.26195016810627825,0.9980147219885841,6.840419509915764,-0.24858364095970797,0.23794780355952416,0.3781878909958565,0.18097147274541148,0.24104440005817218,0.15838231290086635
C2 整体 -2%/day,capital 10M,0.2629214212556057,NaN,1.1707779626762682,-0.2597213597380742,1.012321133389871,6.7787668114897714,-0.24801784560250428,0.2421867969940903,0.3785695507808686,0.17603596677587618,0.24590284888932268,0.16069696923716914
C2 2 names/day,proportional,0.2587833692573336,0.24245951951472544,1.165970537934275,-0.25311516449041893,1.0223937778612597,6.5112029689253,-0.23495569446393527,0.24689911920405994,0.3786425502591666,0.1628991687110346,0.22244551169624982,0.1739714517608244
C2 2 names/day,capital 3M,0.25846167055434854,NaN,1.1655382126601619,-0.2531534524636653,1.0209683811894492,6.496589202863132,-0.23493771618849157,0.24660077501551791,0.37813155248083397,0.16293562781084625,0.22190567365740455,0.1737952559191236
C2 2 names/day,capital 10M,0.2586244298418441,NaN,1.1654282360249468,-0.2531977041954968,1.021432760078098,6.5096648926527285,-0.2350210519547442,0.24670590250097346,0.37843370942680665,0.1628722723410443,0.22233693784700237,0.1737838275677981
C5 one-step,proportional,0.21147216126810964,0.19261481427719973,1.1961711361580458,-0.20280726105516123,1.042724802691318,7.862388221894514,-0.19646034432724302,0.2285238444250104,0.302281183892398,0.10429797469580038,0.16533249950135787,0.1692251876846138
C5 one-step,capital 3M,0.21101866211078946,NaN,1.1952578634211775,-0.20177480344459275,1.0458127501967065,7.84462521908356,-0.19530560440653855,0.227024435930399,0.30197499828447105,0.10495273055629895,0.16451855232140633,0.16904725408429955
C5 one-step,capital 10M,0.2113512539311011,NaN,1.1957310372383751,-0.20273362725055932,1.0425071400211827,7.859623201166885,-0.19635627004820655,0.22827012161097127,0.30212003113712793,0.10431888605220929,0.1652365748972553,0.16915109851267274
C5 整体 -5%/day,proportional,0.20717900629146446,0.1924246159498897,1.2272678566226767,-0.2025097655743333,1.0230568669312752,6.187357504743046,-0.19646034419278513,0.20795251597454523,0.3332134583299846,0.09550061390129438,0.19950936228126648,0.119171210778515
C5 整体 -5%/day,capital 3M,0.19976532419356774,NaN,1.1914895909200844,-0.20214004859054768,0.9882520835750359,6.1468719152554225,-0.19489029948450687,0.19280879376548032,0.3243398218459399,0.09531329979395609,0.18944383128197728,0.1188150264909631
C5 整体 -5%/day,capital 10M,0.20579678263187717,NaN,1.2204373473048749,-0.20251149346797848,1.0162227294245805,6.184287922794603,-0.1963437812511688,0.20495877353612113,0.3321716441452731,0.0947435759398827,0.1978054694763638,0.11931622622518123
