rule,mode,ann,mdd,sharpe,calmar,turn,trade_days_per_yr,names_traded_per_yr,dd_2024H1,y2020,y2021,y2022,y2023,y2024,ann_20bp
C0 none,-,0.2377920131390867,-0.38862112079232125,0.9775648483884788,0.6118864889645628,6.780985147848982,12.457935819601042,1274.206418039896,-0.38862112079232114,0.2390490918518997,0.3818184098222699,0.13071160571545315,0.3623749191560841,0.007116136977753484,0.22111322169173064
C1 MA120,one-step,0.17777981095813256,-0.22097337963665575,0.9937980183964199,0.8045304427639839,8.944371011857388,12.457935819601042,1274.206418039896,-0.19645791504835974,0.2060062435368044,0.3053602528829187,0.018944583463899267,0.12797514672312227,0.16922595311026356,0.15696071790540667
C1 MA120,0.1/week,0.19141819676281657,-0.2134026980284922,1.0774123417824373,0.896981146589157,6.028327281445034,12.457935819601042,1274.206418039896,-0.20864245912901636,0.20592267695058064,0.30916733713236333,0.03015643606332752,0.2773916225096047,0.07345540310353194,0.17727379092508588
C1 MA120,2 names/day,0.19504197904601517,-0.2151928612637517,1.098046987255244,0.9063589651654915,5.904931383043326,105.12749349522984,1109.4119687771033,-0.204069123606064,0.2059642457714539,0.31497062065886827,0.04730085285185237,0.27262072314208785,0.06990401318117034,0.18104585105930715
C1 MA120,4 names/day,0.184454887230316,-0.21797788560290576,1.0588168460362464,0.8462091772297525,6.007741728718072,77.37033824804857,1135.6392020815265,-0.19539361031595937,0.1999539669852779,0.3364190115086585,0.01942522362089205,0.18659185833969216,0.11919095676275182,0.1703553415150132
C1 MA120,0.02/day pro-rata*,0.1932633822170149,-0.20918138876013037,1.0941115124457528,0.9239033327129845,6.136981929899761,12.457935819601042,1274.206418039896,-0.20454568234771542,0.20415238482778397,0.31911541600651616,0.026386498245270396,0.2688476166974392,0.08572278033753,0.17890109657053865
C5 MA|crowd,one-step,0.21147216126810964,-0.20280726105516123,1.1961711361580458,1.042724802691318,7.862388221894514,12.457935819601042,1274.206418039896,-0.19646034432724302,0.2285238444250104,0.302281183892398,0.10429797469580038,0.16533249950135787,0.1692251876846138,0.19261481427719973
C5 MA|crowd,0.1/week,0.1932314996989435,-0.20001266799068596,1.1632040436464215,0.9660963059996868,5.662881773447471,12.457935819601042,1274.206418039896,-0.196459283989604,0.21360055182739845,0.3065797092467204,0.07905031391011574,0.21121295456541045,0.08361891866476734,0.17991688992493793
C5 MA|crowd,2 names/day,0.19947479142834812,-0.20401096679230568,1.189876047880797,0.9777650415794773,5.501154439485944,106.65741543798786,1030.7302688638335,-0.2013362649175805,0.21315266967382707,0.311201364199696,0.10716717042756252,0.2025447829022109,0.08600016462723903,0.18639478622620165
C5 MA|crowd,4 names/day,0.1942657395873506,-0.21404754427351946,1.1521043263241384,0.9075821927632546,5.69745819863764,80.64874241110148,1075.316565481353,-0.2013910030771321,0.20109897156221446,0.3364780477968954,0.10497355127983354,0.16165774111547737,0.0942153629013216,0.18080106682732588
C5 MA|crowd,0.02/day pro-rata*,0.1947332095234684,-0.20081937399007554,1.1688568289341998,0.9696933401111592,5.756993115424875,12.457935819601042,1274.206418039896,-0.19646021493779287,0.20878110057198462,0.3163376685110917,0.07973962745669838,0.20416800596145745,0.09176892723417485,0.18124406490491274
