book,window,ann,sharpe,mdd,calmar,turn,flat_days_per_yr,y2020,y2021,y2022,y2023,y2024,ann_20bp
V9,W0 none,0.3198528590600276,1.6020169365798123,-0.2001703664727802,1.5979031496828588,4.866422993647153,0.0,0.27850091044987146,0.37588191658165915,0.3167212281936864,0.20618637543881757,0.2756745340599134,0.3071680327586419
V9,W1 exit10 re+1,0.29837477381278354,1.600089520573215,-0.22468639292317827,1.3279610301759563,6.089468149772149,20.04123711340206,0.30944525432659264,0.2867467459912174,0.40757684930676796,0.2042190529932124,0.15755672282058963,0.2827135381981274
V9,W2 exit5 re+1,0.30986229562032563,1.4208592878379063,-0.24052929360731434,1.2882518007399284,6.667693931688805,10.02061855670103,0.29244078549390173,0.3153073563903397,0.53222862259683,0.1501248049590882,0.14898024822889622,0.29256007103134407
V9,W3 exit10 re+5,0.24226576820722934,1.3544630411737013,-0.2424645601244485,0.9991801196961851,5.988265882857218,28.057731958762886,0.26009787300309606,0.20109556587519006,0.3292139595324606,0.17677908542595544,0.14069883156739804,0.22758562836835883
V9,W4 W1+Jan,0.31588273234568676,1.651417068325321,-0.22952630602864754,1.3762375991284457,6.596926295830696,30.061855670103093,0.30944525432659264,0.33553735601432555,0.40287169687792534,0.17156239096642945,0.2229600382296517,0.29871694641695434
V9,W5 W1 half,0.30901381759915214,1.6199591641833029,-0.19359450225517494,1.5961910798057901,5.563142861470483,20.04123711340206,0.2863329092099369,0.34380077792243346,0.3474679871183539,0.20498201175840536,0.2227651106814703,0.2946288725188184
V0,W0 none,0.3164846400582264,1.4301561345481002,-0.2545590678172167,1.2432660237641766,7.410818067461855,0.0,0.20693126423303654,0.44652959801889147,0.335325930153481,0.28745336692740664,0.1735993934549691,0.2970066846804542
V0,W1 exit10 re+1,0.29244559725516295,1.397817684177515,-0.27137260971513344,1.077653332671084,8.314694038841164,20.04123711340206,0.2197947635976547,0.38871285915107445,0.42085838031985867,0.27099557955665143,0.05828687603584015,0.2710675959909199
V0,W2 exit5 re+1,0.23689587499766684,1.0593645257349948,-0.25455891914063533,0.9306131397689891,8.768141363175088,10.02061855670103,0.23058917773739585,0.41714609317372875,0.19731790411600492,0.1660356757963437,0.08737196596862984,0.21535765982397526
V0,W3 exit10 re+5,0.2329264547160097,1.1682737083616388,-0.31508518574929245,0.7392491467413674,8.147148384317479,28.057731958762886,0.18673966368261175,0.3271558577914402,0.3577031910217219,0.23336144359747646,-0.010850549590543768,0.21300480883915918
V0,W4 W1+Jan,0.3280287654436256,1.5637229588940214,-0.2729283833894097,1.2018858624007587,8.449527723277251,30.061855670103093,0.2197947635976547,0.44835655095918403,0.45091869239006654,0.2128280098796551,0.17925436945601336,0.3057088413237361
V0,W5 W1 half,0.3023741354040945,1.4304308217233985,-0.25455906781721727,1.1878348628350974,7.934199816602744,20.04123711340206,0.22108547117580724,0.4166199707006999,0.3732721233526901,0.2795630320431137,0.10306024536352343,0.28178381896605154
