factor,h,own,corr_size,ic_tr,t_tr,ic_va,t_va,own_tr,own_va,neu_own_tr,neu_own_va,neu_ls_tr,neu_ls_va
ep,5,high,0.31,0.02814482073045531,3.5139018526840013,0.017467237841329603,1.6834090098861938,-0.08793739689098812,-0.00971055539440884,-0.04702604858442574,0.016890177949482155,-0.011495909849405607,0.017806051669990205
ep,20,high,0.31,0.044048612778470865,3.0273210755687097,0.006005735734366348,0.29139398278481266,-0.07719172966922201,-0.03212026744159476,-0.04393517418734224,0.005280019583553519,-0.020939786002504596,0.004889748075083881
bp,5,high,-0.02,0.014437750095138844,1.3212119688851311,0.05422119370042486,3.9128321253560476,-0.06923428372476333,0.04242315077830109,-0.07555569031979939,-0.005941490349523527,-0.14413053818471006,0.06365136985934244
bp,20,high,-0.02,0.020070789929978395,0.9506523525820193,0.073308703782937,2.593640746819095,-0.07279230173754403,0.02819097938607776,-0.07969869155958163,-0.017041412303742495,-0.157965366444153,0.06438521297229735
sp,5,high,-0.0,0.012905720140036422,1.628869289463545,0.027218988377783387,3.0265036178923896,-0.012383064940601771,0.03300032975183549,-0.022316044760899507,0.006890422906315841,-0.0033379010756885742,0.06389746253191561
sp,20,high,-0.0,0.02295636623952175,1.4814777936747032,0.03491893099063795,1.9323509839618926,-0.006405179243828894,0.02020486607712425,-0.02264237333361543,-0.0014471214217364322,-0.015104408675631058,0.05174085414329694
cfp,5,high,0.1,0.010713601882759284,3.8305493118262826,0.0005792119753876354,0.16182523175493102,-0.02034008319445484,0.025561650008644226,-0.00437767797381049,0.0512478947822147,0.0300899478374714,0.03830272247793204
cfp,20,high,0.1,0.01997476404708382,3.811911482364786,-0.0048423080231025555,-0.7472506877342692,-0.02057819212143537,0.01264543577924463,-0.005996213416491572,0.04032822173855974,0.035096314241090984,0.03777357078235911
dy_ttm,5,high,0.24,0.027502647024194825,4.098428739724282,0.024996450929844403,2.60605637485232,-0.016197156191215988,0.06222969856820572,0.007836733193459105,0.05639372451502751,0.009603563015363536,0.052094389615042945
dy_ttm,20,high,0.24,0.04781671851829679,4.081857676284353,0.025567447786670958,1.248961063839694,-0.0009671395758365483,0.05406415623803013,0.023312154166401304,0.05172805441887336,0.03249550807886119,0.05465804178909477
roe_ttm,5,high,0.38,0.02370201485862939,2.5160869165815933,-0.011976912755830177,-1.2783644362720563,0.005354939812740376,-0.14877100827716694,-0.012399832215870068,-0.02923064307262902,0.08697290799121372,0.021445862791075417
roe_ttm,20,high,0.38,0.03954195986181193,2.205990051672217,-0.0385040107937897,-2.2639942159495092,0.012677831033565812,-0.15408856402239912,-0.009527492907173276,-0.03013035591958183,0.07766391932599583,0.009994014534667393
gross_margin_cum,5,high,0.12,0.007050891236778679,0.9850245818545026,-0.0020729033387415293,-0.32543844317017623,-0.03766259533332304,-0.02665893658673045,-0.038519009828713924,0.010230105375569822,-0.002190198064080044,0.011469350603230583
gross_margin_cum,20,high,0.12,0.012025274952944197,0.8455508651756862,-0.0044642250265064755,-0.37376225189150203,-0.03077193890363029,-0.016203400111328176,-0.02870047171201627,0.014691004393699992,0.00861145743671455,0.016224825156410487
debt_ratio,5,low,0.19,-0.0088105198933102,-1.65034377149771,-0.008809994551295641,-1.0505497178114638,-0.013996759111858872,0.007092761358294382,-0.01909314672547332,-0.059699952839914,0.06780545285045914,-0.12844028556056541
debt_ratio,20,low,0.19,-0.014149846644371232,-1.3645182048009252,-0.019794622143654392,-1.1341301831420914,-0.011986822391642376,0.007250044750405518,-0.01521211308667346,-0.057750540853779404,0.08709555702633669,-0.11029871554993823
accruals,5,high,0.03,0.00043632600176056225,0.1439493219007421,-0.01081690608433232,-2.099218307136386,-0.04292351978282722,-0.06804266371379035,-0.046153625810673046,-0.04093426212860039,-0.012952577712756812,-0.06108002008228964
accruals,20,low,0.03,-0.0037205999691887,-0.5798503505520958,-0.024398125185438248,-2.2762661415076795,-0.04928865485417335,0.03868834048861878,-0.050354530196527324,0.022522499889588907,-0.0018315072210321956,0.06595577685830324
cfo_assets,5,high,0.18,0.020645160023261243,3.3870089901604206,0.002248464402547699,0.3830406479316936,0.030207374433929745,-0.06501728214768349,0.032060778197804674,-0.024894424551668543,0.10952824235108419,0.016261548117191646
cfo_assets,20,high,0.18,0.0388000575633096,3.284169516348058,-0.0024532238228389355,-0.24565236261597057,0.032325356029216094,-0.06233046619032697,0.027533150348699742,-0.016665836702502167,0.11279363300412878,0.023870811717590094
goodwill_eq,5,low,-0.13,-0.014709661455581403,-2.97956791929699,-0.0076974009849609705,-1.2507612227446887,-0.026769706040471734,0.018205538787864836,-0.021595451440469194,0.028471218668140418,0.027336172905088187,0.0712511388838222
goodwill_eq,20,low,-0.13,-0.023721092893029695,-2.1322000310849503,-0.005194042828650259,-0.3941461640986476,-0.030621153102739,0.013404319856906613,-0.015454736445318522,0.03445424242343441,0.028540121546447958,0.07543485840114189
np_parent_yoy_cum,5,high,0.24,0.026073699888684868,3.4791444819434614,-0.004985204569374044,-0.6598034789421046,0.03855744844218626,-0.0717390198267429,0.050995861747211144,0.02424561906611915,0.1493841959244115,0.09391376854867464
np_parent_yoy_cum,20,high,0.24,0.03964232551954282,2.4721026820545315,-0.02031473913655612,-1.438382627163059,0.03196102956486505,-0.0661612449097641,0.03835303619620841,0.030482834707733154,0.12524869430980856,0.0884320892380571
revenue_yoy_cum,5,high,0.16,0.01854506526134794,2.880788264002546,-0.013918076295739283,-2.2634827955249883,0.0049271622069123645,-0.07927084140366135,0.013148948824308362,0.01164058525500713,0.1616889456149651,0.06060415350332973
revenue_yoy_cum,20,high,0.16,0.030842499100837344,2.1819344189535386,-0.02999152187145708,-2.313426450343601,-0.013285320843588135,-0.0829210487557264,-0.005221827529845468,0.0024045631393676144,0.14415662995603984,0.04953125597209887
fc_sign,5,high,0.08,0.02086186799021169,4.442160958987645,-0.002552318706276655,-0.6716162555007794,0.09016469534757769,-0.02592929492789195,0.09564098524462644,0.027854430766254185,0.2275639395700332,0.07000031657383728
fc_sign,20,high,0.08,0.03284438793913463,3.2483151650810163,-0.009942004893583854,-1.641377223031791,0.06388637532642077,-0.036780108330782046,0.06304176977335131,0.00934666126876696,0.19575801270895282,0.04265543538046729
fc_mid,5,high,0.16,0.034052639423583095,4.076350883452911,-0.010889908399871103,-1.2099890487170308,0.03350653828880936,0.011602781506133544,0.0621032535244575,0.10965548246015921,0.20990778664623,0.20312893505087365
fc_mid,20,high,0.16,0.05112885191012342,2.966751651193062,-0.02142775117448677,-1.3702371679665044,0.029004982423238856,-0.015029911189154341,0.0502841851418868,0.07348325751849932,0.18911194502571133,0.12903903573951447
holder_chg,5,low,0.07,-0.014511417246309301,-3.801736341871221,-0.012097753343717849,-2.5008341977274178,0.06629048416622012,-0.03609575933687642,0.04665518904127613,-0.05441774215586128,0.056868428656225836,0.016582515423780288
holder_chg,20,low,0.07,-0.022411822653593788,-3.059151119923632,-0.018571247281025025,-2.739784973868196,0.05330369659452023,-0.025341857070799164,0.04876640164772728,-0.03726104588315074,0.07204036216842359,0.011445323832537782
unlock_next90,5,low,0.0,-0.0005984198188196539,-0.7911064780526529,-0.000039716475610896137,-0.042446447069196966,-0.006078011211213138,-0.010429299438015143,-0.004291536331663395,-0.009787165869759635,0.004451971835563576,-0.019774589806166143
unlock_next90,20,low,0.0,-0.0002446248085971158,-0.3246302050933162,-0.0004216079217561516,-0.4685530392466273,-0.0006818117002495186,0.0008136071378059815,-0.001022861142379179,-0.00008676633899603895,0.0012349543598193947,-0.000976795982230907
