version,cost,period,ann,ann_min,mdd_worst,sharpe,excess
V0,10bp,IN-SAMPLE 2020-04..2024-12,0.3199305458821285,0.30328879399562525,-0.20312243792995366,1.5290584368518711,0.2640940279368163
V0,10bp,SEALED 2025-01..2026-09,0.2267945212976918,0.21908640528076262,-0.2031345477374683,1.1789800120798153,0.12432249770033182
V0,10bp,2025,0.4039248376635817,0.39541106067249143,-0.11195267512258233,2.0808183645260327,0.13816386963996846
V0,10bp,2026 YTD,0.02363983945736786,0.010138070608445737,-0.20313454773746775,0.21603512583253012,0.10776440899699818
V0,20bp,IN-SAMPLE 2020-04..2024-12,0.30598390153169835,0.28956119643484546,-0.20598175716013,1.4751001634959469,0.25014738358638616
V0,20bp,SEALED 2025-01..2026-09,0.21416390726518664,0.2061713535860319,-0.2048940388867938,1.124089431730576,0.11169188366782667
V0,20bp,2025,0.38847081400569233,0.3792982180466107,-0.11276421028994965,2.0165173928169406,0.12270984598207907
V0,20bp,2026 YTD,0.014077049792256824,0.0006975838907530285,-0.20489403888679392,0.17147930682641366,0.09820161933188715
V0+GP lam 0.15,10bp,IN-SAMPLE 2020-04..2024-12,0.35166181024283905,0.32590437599639066,-0.2097795781749111,1.5934211139304304,0.29582529229752685
V0+GP lam 0.15,10bp,SEALED 2025-01..2026-09,0.23466092678992023,0.21089557746119914,-0.2092105294380966,1.170497322171477,0.13218890319256027
V0+GP lam 0.15,10bp,2025,0.36690495719595906,0.3259865204353751,-0.13000730901945734,1.8528007649200695,0.1011439891723458
V0+GP lam 0.15,10bp,2026 YTD,0.07707659989599464,0.05885668681058265,-0.20921052943809693,0.44622963307683017,0.16120116943562496
V0+GP lam 0.15,20bp,IN-SAMPLE 2020-04..2024-12,0.3342668873441788,0.3090722444340479,-0.21318072323562642,1.5304563151375494,0.2784303693988666
V0+GP lam 0.15,20bp,SEALED 2025-01..2026-09,0.2187999209539392,0.19613126284630922,-0.20967927196762126,1.104567852378424,0.11632789735657922
V0+GP lam 0.15,20bp,2025,0.34878597904821795,0.30976023951134457,-0.1310333576683156,1.7780893899438612,0.08302501102460469
V0+GP lam 0.15,20bp,2026 YTD,0.06382776775008375,0.04607014054022218,-0.20967927196762137,0.38984010805022135,0.14795233728971408
