factor,sign,ic_train,t_train,ic_2024,t_2024,ic_test,t_test
"add(ts_std(cs_rank(lmoney),10),add(ts_std(ts_std(ts_corr(iret,vwapc,5),60),60),ts_std(cs_rank(lmoney),3)))",-1.0,-0.0401147644749344,-9.774576143953063,-0.02005648538366232,-1.5384892862224622,-0.0365456320418044,-3.7208102451015406
"div(ts_decay(ts_corr(ch,mul(cl,cl),5),60),add(ts_min(ts_std(abs(lmoney),5),40),cs_rank(lmoney)))",1.0,0.04242424157179646,8.805438939190916,0.01684162716738926,2.2103161648878484,0.033315766668044124,4.201364571018934
"add(add(ts_decay(ts_corr(lcap,vwapc,60),40),ts_std(cs_z(lmoney),3)),add(mul(hl,lcap),ts_decay(ts_corr(iret,vwapc,20),40)))",-1.0,-0.038273362405547406,-8.389672025040468,-0.022369510149206583,-1.514150820081624,0.0017439502146006642,0.15568918944042168
"add(ts_decay(ts_corr(vwapc,iret,20),40),add(ts_std(ts_corr(iret,vwapc,20),60),add(ts_corr(ch,vwapc,5),cs_rank(lmoney))))",-1.0,-0.03372181178433498,-8.229602740291613,-0.01621410100693431,-1.5600851033656786,-0.01679774907785329,-2.5272888320840727
"add(ts_std(ts_corr(hl,vwapc,20),60),add(ts_corr(iret,ts_std(cs_z(lmoney),10),60),add(ts_std(ts_corr(iret,vwapc,5),60),ts_std(cs_z(lmoney),3))))",-1.0,-0.0368013525274132,-7.76665627307255,-0.021758398820677188,-1.3941575603180236,-0.02078234740229186,-3.0494329090191474
"add(ts_std(ts_corr(iret,vwapc,5),20),add(add(ts_corr(ch,vwapc,40),ts_std(cs_z(lmoney),10)),ts_delay(ts_std(ts_corr(iret,vwapc,20),60),20)))",-1.0,-0.04188858629485251,-7.725674696280854,-0.019281685877313767,-1.0547292563953463,-0.021060113614267916,-1.7321788910835794
"div(ts_decay(ts_corr(ch,mul(turn,cl),5),60),cs_z(ts_std(cs_z(lmoney),5)))",-1.0,-0.02151325642405992,-7.502732462059831,-0.008518522418100425,-1.1060135856197855,-0.011023331401509351,-2.6040821437481547
"add(ts_std(cs_z(lmoney),5),add(ts_mean(cl,10),ts_delay(add(ts_std(hl,10),ts_std(lmoney,5)),10)))",-1.0,-0.03003030437232349,-6.858420355676557,-0.011866529168228186,-1.0309575226663,-0.012312276266335,-1.3905197816881307
COMPOSITE,1.0,0.05337968956925098,11.006144654278048,0.025304398053118154,1.7233979479391022,0.02634819033890386,2.970058157471711
