rule,speed,ann,mdd,sharpe,calmar,turn,avg_expo,expo_moves_per_yr,dd_2022,dd_2024H1,y2020,y2021,y2022,y2023,y2024,ann_20bp
C0 none,-,0.2377920131390867,-0.38862112079232125,0.9775648483884788,0.6118864889645628,6.780985147848982,1.0,0.0,-0.2127223034171163,-0.38862112079232114,0.2390490918518997,0.3818184098222699,0.13071160571545315,0.3623749191560841,0.007116136977753484,0.22111322169173064
C1 MA120,one-step,0.17777981095813256,-0.22097337963665575,0.9937980183964199,0.8045304427639839,8.944371011857388,0.7686308492201039,15.067590987868286,-0.16101735580524756,-0.19645791504835974,0.2060062435368044,0.3053602528829187,0.018944583463899267,0.12797514672312227,0.16922595311026356,0.15696071790540667
C1 MA120,0.2/wk,0.1877745493687164,-0.21161153937073984,1.069204545752489,0.8873549614878921,6.185903866453089,0.7733968804159446,13.320623916811092,-0.14804566266430064,-0.19691684872593085,0.19670488409904374,0.3163975803336654,0.026709767202548695,0.22351351478168557,0.11122943517453243,0.17330745359011424
C1 MA120,0.1/wk,0.19141819676281657,-0.2134026980284922,1.0774123417824373,0.896981146589157,6.028327281445034,0.7836221837088387,18.124783362218373,-0.1438945830218158,-0.20864245912901636,0.20592267695058064,0.30916733713236333,0.03015643606332752,0.2773916225096047,0.07345540310353194,0.17727379092508588
C2 crowd,one-step,0.2705004779626283,-0.3608911180200617,1.144269858159253,0.7495348720319335,6.930127299020657,0.8929809358752167,3.930675909878683,-0.17463542354490058,-0.3558027958238148,0.26218364243124204,0.37855898799524024,0.23284902281436448,0.3243511544283899,0.05360486409484433,0.2529427753214668
C2 crowd,0.2/wk,0.26260980795243327,-0.31096081472362436,1.138194818236779,0.8445109335908948,6.776402898770476,0.8938474870017331,10.045060658578857,-0.1822330253420147,-0.30553518511110633,0.2523424745540723,0.37648829170982157,0.16103003866375531,0.29584429570479975,0.12164787788790488,0.24554570823492194
C2 crowd,0.1/wk,0.2577893991799738,-0.26973125354050553,1.148492351133894,0.9557268421668517,6.697199702118612,0.8973136915077989,14.412478336221838,-0.170104674764731,-0.258556754493822,0.24693799448238174,0.3790871920633876,0.1617756039990148,0.2536216911892213,0.14134185249946074,0.24104129967299492
C5 MA|crowd,one-step,0.21147216126810964,-0.20280726105516123,1.1961711361580458,1.042724802691318,7.862388221894514,0.7183708838821491,12.447140381282496,-0.11206262159080438,-0.19646034432724302,0.2285238444250104,0.302281183892398,0.10429797469580038,0.16533249950135787,0.1692251876846138,0.19261481427719973
C5 MA|crowd,0.2/wk,0.20052468699507187,-0.20211081943642162,1.202607307121171,0.99215216461062,5.907962814850334,0.7136048526863085,15.504332755632584,-0.11206263351605517,-0.19645928539727664,0.2095439632093159,0.3113197903983833,0.08868969582575281,0.20464741804470776,0.11013266261074839,0.18652708190164247
C5 MA|crowd,0.1/wk,0.1932314996989435,-0.20001266799068596,1.1632040436464215,0.9660963059996868,5.662881773447471,0.7177642980935874,19.871750433275565,-0.11206253984616499,-0.196459283989604,0.21360055182739845,0.3065797092467204,0.07905031391011574,0.21121295456541045,0.08361891866476734,0.17991688992493793
