factor,h,ic_tr,t_tr,ic_va,t_va,n_tr,n_va
ret1,1,-0.02742082215968875,-6.079405530796318,-0.01973334541386228,-3.4125530464797964,690,482
ret1,5,-0.014256507774879731,-3.283212343660211,-0.015768348723656848,-2.6538380271865325,690,478
ret1,10,-0.01215315138536077,-2.9348740876302153,-0.01526164482953971,-2.528968732236863,690,473
ret1,20,-0.008934747455223012,-2.1484322722470752,-0.014565520907597196,-2.601782329303018,690,463
ret2,1,-0.027878610080742945,-6.041799211195993,-0.02821787899036188,-4.779847770520981,690,482
ret2,5,-0.019578922801859508,-3.341937304735396,-0.021534529723971678,-2.8014974180609737,690,478
ret2,10,-0.018921338012270177,-3.300944735112585,-0.022597455171365577,-2.8280013763789595,690,473
ret2,20,-0.015191787891012722,-2.7114872080615684,-0.02508641402967017,-3.307263195110454,690,463
ret3,1,-0.03080798726146714,-6.316985061642703,-0.029522547902477613,-4.6776289329661545,690,482
ret3,5,-0.022960987123689904,-3.3441946222048835,-0.023599264804485022,-2.69469561970324,690,478
ret3,10,-0.022422036556371396,-3.299349495472059,-0.02798864265635145,-3.0001507577398403,690,473
ret3,20,-0.0194954053267276,-2.8836698545816932,-0.03149461390992651,-3.4718368984877594,690,463
ret5,1,-0.03393012211774081,-6.710498285660961,-0.031477461099021886,-5.025773623449727,690,482
ret5,5,-0.026793477052203096,-3.3860871375049424,-0.029175916577786575,-3.0320433697120603,690,478
ret5,10,-0.02718412019551774,-3.334330017538927,-0.03949236631541014,-3.66983866179182,690,473
ret5,20,-0.025530906994981378,-2.9264796185130786,-0.041906729298832386,-3.7478013637255643,690,463
ret10,1,-0.036085496693885555,-7.033090991451886,-0.033990848947563004,-5.50033370537076,690,482
ret10,5,-0.03774076515938755,-4.387360656119158,-0.04776158251216636,-4.92149192771026,690,478
ret10,10,-0.039365600222844015,-3.724081811874444,-0.05632888405176116,-4.518038182881655,690,473
ret10,20,-0.037845988705754965,-3.031272145302853,-0.059818689239379934,-4.0139521816692705,690,463
ret20,1,-0.03401960051934061,-6.366716627412527,-0.03709417821927733,-5.5859741787893835,684,482
ret20,5,-0.0451104592298864,-4.596769904655474,-0.0536366683972633,-5.064279371224068,684,478
ret20,10,-0.04746543902649953,-3.681105993881479,-0.06222666760231911,-4.258709695837797,684,473
ret20,20,-0.05176397199697956,-3.134689742744508,-0.07677488441925913,-3.6443150628346577,684,463
ret40,1,-0.029370106636576764,-5.192082431122719,-0.03717073949631062,-5.0557952955681325,664,482
ret40,5,-0.045627395359726,-4.292735736337174,-0.06370282964222071,-5.2022401637957465,664,478
ret40,10,-0.05473994662104928,-3.754765709098174,-0.0742835235561139,-4.261981497583675,664,473
ret40,20,-0.06019818372584227,-2.8809962607979127,-0.07615021613429027,-2.7816582170555746,664,463
ret60,1,-0.024195413668630737,-4.1030730057752285,-0.031130531920557994,-4.14753102231848,644,482
ret60,5,-0.03748153178587592,-3.2151153025059553,-0.049694112883717806,-3.894923523729372,644,478
ret60,10,-0.0438796689999716,-2.820390614915763,-0.05530722039665096,-3.103159186414751,644,473
ret60,20,-0.04525544425465496,-2.215878123080109,-0.06258511323669329,-2.422368450565896,644,463
ret120,1,-0.009985489939060337,-1.6055341005549093,-0.02727465640594907,-3.9649972528974757,584,482
ret120,5,-0.011164374139606385,-0.9351985748073813,-0.04737071147396492,-3.7036076954509562,584,478
ret120,10,-0.01005304131203293,-0.6395607286572382,-0.05923119531987805,-3.1193050772878457,584,473
ret120,20,-0.0059982299273458805,-0.29259974096635316,-0.07616367351668851,-2.716470807618164,584,463
ret250,1,-0.003939388538652269,-0.5154465846393065,-0.021133637147535488,-3.868699625053117,454,482
ret250,5,-0.003228272389183783,-0.21131518962684398,-0.03060832275294927,-2.9779863858547646,454,478
ret250,10,-0.0006012580184182642,-0.028575962013744172,-0.03322559030881093,-2.1958696493102505,454,473
ret250,20,-0.0022594085943156927,-0.07797225341329327,-0.03749689608403413,-1.679638807012758,454,463
mom120_20,1,0.0044952672600290546,0.7890375788771469,-0.008003457853829929,-1.172637904044493,584,482
mom120_20,5,0.006201227672252178,0.557663874658176,-0.01841423430211893,-1.5034924642177507,584,478
mom120_20,10,0.006991127700681191,0.4887907732002838,-0.026260005277545292,-1.487622459433276,584,473
mom120_20,20,0.012170663425318817,0.7282022639537967,-0.0357134732506382,-1.3855324440419319,584,463
mom250_20,1,0.007235907747857354,1.0020324572348036,-0.006577142852384315,-1.1608725698668858,454,482
mom250_20,5,0.010934394754714008,0.7462759005790511,-0.008556022753853037,-0.784845657208616,454,478
mom250_20,10,0.014976624059990309,0.7535576161666772,-0.007638290511784777,-0.4946275728790663,454,473
mom250_20,20,0.0158043199982422,0.6148555086290681,-0.006856193939074134,-0.30850011001583677,454,463
mom60_5,1,-0.012683229377587337,-2.2169533507819814,-0.020441929528597007,-2.7452877391646506,644,482
mom60_5,5,-0.027518293095952384,-2.4433750705336146,-0.038405738168514725,-3.022651590208799,644,478
mom60_5,10,-0.033711445315469137,-2.2370282848236513,-0.0411029506261857,-2.340133738805366,644,473
mom60_5,20,-0.03586890931416239,-1.8193774993456615,-0.047515057886382814,-1.875055215737353,644,463
mom20_5,1,-0.01607026704607808,-3.446641824622254,-0.0220053444351879,-3.440222211847747,684,482
mom20_5,5,-0.029691464272164625,-3.4412386725449116,-0.04074456346640543,-3.740027655349216,684,478
mom20_5,10,-0.03251373353465816,-2.9354216956439543,-0.04464276254296132,-3.0193941934192745,684,473
mom20_5,20,-0.03905692797342343,-2.6708268229375194,-0.05909508469329346,-2.984024314769581,684,463
vol5,1,-0.036561826902059905,-7.555965528986238,-0.053658379959557946,-9.21884428166643,690,482
vol5,5,-0.054786603609655996,-6.679559524825005,-0.07273944142855773,-6.145759336903298,690,478
vol5,10,-0.06542868935262074,-5.958116317607512,-0.0813501597946517,-4.861590546830897,690,473
vol5,20,-0.07329865643790921,-4.620202957241835,-0.08682941019181561,-3.958757867840225,690,463
vol10,1,-0.04108954034622103,-7.385525910991725,-0.0558135470387067,-8.533461854313513,690,482
vol10,5,-0.06482587218075014,-6.661779860854052,-0.07737019636624992,-5.903778769699732,690,478
vol10,10,-0.07298346266459861,-5.662970591020092,-0.08591469439366076,-4.582671068272988,690,473
vol10,20,-0.08326413567617705,-4.503481823957337,-0.09025640875840157,-3.600774692804834,690,463
vol20,1,-0.03934086765387669,-6.553074980887301,-0.05251493134943822,-7.540596377840203,690,482
vol20,5,-0.06416602729153563,-5.999756613042374,-0.07413430600009592,-5.3453103472961665,690,478
vol20,10,-0.07364747698342916,-5.124159738593965,-0.08191886380546284,-4.085199252068225,690,473
vol20,20,-0.08725809995107112,-4.394259743829882,-0.08698828949222209,-3.2282252593678815,690,463
vol60,1,-0.03484799453873351,-5.337353752364507,-0.04800369896123975,-6.199903969854574,662,482
vol60,5,-0.06255660135081653,-5.363961541606557,-0.0712029532720756,-4.614531185039382,662,478
vol60,10,-0.07602570195495627,-5.013716662613671,-0.08366202891975827,-3.7562358141710375,662,473
vol60,20,-0.09198809382765714,-4.486682516054086,-0.09721764241759975,-3.314491386587316,662,463
vol120,1,-0.02780937280160771,-4.089575768568259,-0.04450337709809818,-5.603710327126246,620,482
vol120,5,-0.04807038142456258,-3.884741575665844,-0.06616093060938084,-4.057035541890715,620,478
vol120,10,-0.05793486967757033,-3.602970278676729,-0.0781520018771758,-3.4203014398533567,620,473
vol120,20,-0.07121604752411682,-3.2756123541829423,-0.08961476687162902,-2.9509865892706877,620,463
dvol20,1,-0.020378276867232845,-3.245532043333923,-0.031359629196066816,-4.23157407393962,690,482
dvol20,5,-0.03922319755563615,-3.3578192894657093,-0.04493676464101688,-3.1603237500022865,690,478
dvol20,10,-0.04747666908925922,-3.1985806724086787,-0.04839209769428105,-2.456599729616148,690,473
dvol20,20,-0.059097332574300866,-3.269626608267275,-0.04970171604115796,-2.0482227854565016,690,463
ivol20,1,-0.0453178037877966,-8.740975418998426,-0.059506624377519815,-10.329823827644486,690,482
ivol20,5,-0.07213766781687651,-7.878797482037095,-0.08821842192204095,-7.620084404560425,690,478
ivol20,10,-0.08132560661056625,-6.645861473197721,-0.09998695378212026,-5.79790524724755,690,473
ivol20,20,-0.09380485543859093,-5.57044348445278,-0.11108561614745457,-4.827757017729823,690,463
beta20,1,0.004260726319471201,0.7490670118193453,0.0029709354968519485,0.3972848806938177,690,482
beta20,5,0.006983394350106247,0.6685801125128725,0.01312554908927863,0.933632259419276,690,478
beta20,10,0.005964415493729645,0.4243437553464464,0.022370689682369396,1.1908172561317436,690,473
beta20,20,0.00264508635619585,0.1450088626890464,0.03865827596579852,1.622736282453766,690,463
dvol60,1,-0.02513834745466952,-3.771276443634218,-0.03684789767809671,-4.56896027154335,662,482
dvol60,5,-0.047912139784132904,-3.8600014183025855,-0.05478999093042487,-3.4038582583442185,662,478
dvol60,10,-0.06041575019914857,-3.797370951054129,-0.06600220114558686,-2.93894998914254,662,473
dvol60,20,-0.07743570243368982,-3.699816667638176,-0.07866556134361577,-2.739968018922783,662,463
ivol60,1,-0.03724854061846371,-6.550324565723504,-0.05071138928699211,-7.652607376732907,662,482
ivol60,5,-0.06513580119297209,-6.46358894958139,-0.07830434481443681,-5.9930818193222235,662,478
ivol60,10,-0.0774188489514549,-5.909131191568068,-0.09310848924771212,-4.952573014637408,662,473
ivol60,20,-0.09156174791762522,-5.329928248000603,-0.11129216447306522,-4.552166788739661,662,463
beta60,1,-0.006167961156578037,-0.9472752797959851,-0.009048337073463954,-1.0419815928984786,662,482
beta60,5,-0.012172461582189164,-0.9773547585291338,-0.003851513989586165,-0.2244007866101096,662,478
beta60,10,-0.01734856414074043,-1.0328796774771876,-0.001335958489390942,-0.05323964519019148,662,473
beta60,20,-0.024062316860977897,-1.0036179642543872,0.006572415317005971,0.19085066555038904,662,463
maxr5,1,-0.040660027113171106,-9.67492613508556,-0.0506324074837268,-10.224238714471607,690,482
maxr5,5,-0.04896152067519247,-6.92377950213389,-0.06369900696276604,-6.646878041964314,690,478
maxr5,10,-0.05674553011389279,-6.237947447410651,-0.07340697087373535,-6.311073017512365,690,473
maxr5,20,-0.059357224685772154,-4.546694605590982,-0.07867001689675188,-4.976259831529508,690,463
maxr20,1,-0.03891123575951967,-8.375048128580525,-0.05027302887786814,-9.269427426716874,685,482
maxr20,5,-0.0603091714253458,-7.510064146764892,-0.0711806237562098,-6.509919404587634,685,478
maxr20,10,-0.0678436243962307,-6.31147790248132,-0.07915465108213389,-4.952372307331452,685,473
maxr20,20,-0.07932084718963947,-5.13438388174013,-0.0837634911139751,-3.721939794125337,685,463
maxr60,1,-0.03246366982917409,-6.976549157264274,-0.04029637687982512,-7.136679291177395,645,482
maxr60,5,-0.05479996610680667,-6.778263804319523,-0.05909097832051236,-5.247325115323339,645,478
maxr60,10,-0.06563427734875513,-6.175659798819707,-0.06785530720816782,-4.109195462937351,645,473
maxr60,20,-0.07768148149970609,-5.254717080055508,-0.07714454879025068,-3.4703647119085077,645,463
minr20,1,0.018898514039434742,3.40993066720588,0.026495795152080403,4.114471935275922,685,482
minr20,5,0.034110804721159925,3.345035625994204,0.03648111947987609,3.0555903145149603,685,478
minr20,10,0.042215512080550986,3.253674670318465,0.03801842554230959,2.273945563252625,685,473
minr20,20,0.05160728955393267,3.2715560852571417,0.04090082045012148,1.8952482071080605,685,463
skew20,1,-0.013334131386326147,-5.424144807001186,-0.020158208043233452,-7.207363599377168,690,482
skew20,5,-0.01979322989046762,-4.395969132283204,-0.028834991671951367,-5.049965834160082,690,478
skew20,10,-0.01958383294645321,-3.3940041415896864,-0.03307937905285124,-4.351179208333495,690,473
skew20,20,-0.021044922650192456,-3.446096341335261,-0.03269561625966543,-3.4715397797693144,690,463
minr60,1,0.020274612526434546,3.8199506643097614,0.02735520148852206,4.346934348767175,645,482
minr60,5,0.03646457847505783,3.712159209388843,0.039666842498587006,3.19040663252202,645,478
minr60,10,0.04702675057176658,3.730320140005029,0.04654902104459348,2.644746651773032,645,473
minr60,20,0.059743428442380495,3.5156667250397997,0.05519876646266024,2.3890330999279827,645,463
skew60,1,-0.014343174496244093,-5.328643558108345,-0.018935209984312463,-7.446482976464588,662,482
skew60,5,-0.02132486695255412,-4.326869904329736,-0.02809229090534907,-5.712669570067882,662,478
skew60,10,-0.021901029763244522,-3.416185485020716,-0.030561844198251902,-4.926900351811687,662,473
skew60,20,-0.021350275607023947,-2.688123234097526,-0.03158690805302795,-4.634602740318211,662,463
range5,1,-0.045916429998165406,-7.805954768599041,-0.0653633739775478,-9.332918758127336,690,482
range5,5,-0.06619374308020168,-6.5303624284321895,-0.08673730445773749,-6.165934019726799,690,478
range5,10,-0.07357005841854254,-5.495786051965924,-0.0955843043211191,-4.619793073236353,690,473
range5,20,-0.08299451594402603,-4.218320190542545,-0.10812717342166644,-3.7882577823189796,690,463
range20,1,-0.03929879693578882,-6.076112895901416,-0.057949520052604085,-7.397054006203459,690,482
range20,5,-0.0632929226776691,-5.482949432636977,-0.08227672629933051,-5.273586685835813,690,478
range20,10,-0.07302270065975909,-4.7110465259499135,-0.09199818074828936,-4.010533188540638,690,473
range20,20,-0.08591195335058821,-4.006240694527294,-0.10160738039252426,-3.2796859506139096,690,463
lmoney5,1,-0.02781065469841735,-5.870081835955426,-0.05088879237560413,-9.526333500514214,690,482
lmoney5,5,-0.04831002309179253,-4.866063942394768,-0.08561781419928063,-8.460995576442567,690,478
lmoney5,10,-0.054641376976917594,-3.794102853074633,-0.10456801096563789,-7.568912343321899,690,473
lmoney5,20,-0.06261510107493616,-2.9516912089582887,-0.13491977166119903,-8.04043392925025,690,463
turn5,1,-0.04079961289072272,-6.669245442827356,-0.05307052601266745,-7.648607065803456,690,482
turn5,5,-0.06547108334434387,-6.0065387361173945,-0.07341504249650792,-5.162916498558843,690,478
turn5,10,-0.07760819790873749,-5.518096651391893,-0.08350940524363965,-4.037235418072051,690,473
turn5,20,-0.09404172116928404,-4.639034402465654,-0.09124328747883484,-3.085822999974485,690,463
lmoney20,1,-0.017136947485032458,-3.6397110261906316,-0.04049934206597127,-7.304153786399147,690,482
lmoney20,5,-0.036219902926559286,-3.571620991334322,-0.0741189265632945,-7.218016968631351,690,478
lmoney20,10,-0.04364222441823163,-2.9151707447164825,-0.09244512684048331,-6.969665744719976,690,473
lmoney20,20,-0.05401078379463512,-2.571535527802284,-0.12213297643671611,-7.633258235077353,690,463
turn20,1,-0.032731661928586245,-5.155483766330712,-0.04494856788831497,-6.120526592812985,690,482
turn20,5,-0.05836503715442341,-5.090970085225866,-0.06486238166930414,-4.376808377061579,690,478
turn20,10,-0.07211199383152705,-4.896367682217086,-0.07390213810680282,-3.390719705984758,690,473
turn20,20,-0.08981116043891432,-4.389701756616395,-0.07981151800668676,-2.629603062371653,690,463
lmoney60,1,-0.00848628202553368,-1.8388972205713565,-0.02746612866210467,-4.867115972065774,663,482
lmoney60,5,-0.024105386563024897,-2.387610947803126,-0.05520844114684004,-5.404653182400456,663,478
lmoney60,10,-0.030401357211702045,-2.0803888826414916,-0.07278180190300544,-5.740028348558063,663,473
lmoney60,20,-0.0379462495577898,-1.890833338322323,-0.10350742945321652,-7.046187098015001,663,463
turn60,1,-0.02557602667589745,-4.077325135538416,-0.03606341847085351,-4.831147439196781,663,482
turn60,5,-0.04987405770022264,-4.404140234947484,-0.052856751519768784,-3.548591810828745,663,478
turn60,10,-0.06399688599754798,-4.38906699676183,-0.06209985692561109,-2.8759933463790306,663,473
turn60,20,-0.07991887550847426,-3.8867280509060746,-0.06937256654367008,-2.3582129399985234,663,463
turnr5_60,1,-0.03255873511125732,-7.686906519974077,-0.03813785851602073,-7.0258583093292595,663,482
turnr5_60,5,-0.04021258325968125,-5.195353977620961,-0.05168078911360771,-5.887386972911595,663,478
turnr5_60,10,-0.040339065436627214,-4.129174719067082,-0.05704621479496066,-4.6158610373648035,663,473
turnr5_60,20,-0.041198263167659684,-3.0894698428245366,-0.06457277170087491,-3.616304073795919,663,463
turnr20_60,1,-0.023749525599810268,-6.190255136548723,-0.02922041240107766,-5.21532773782486,663,482
turnr20_60,5,-0.0371641045422952,-5.064040037255334,-0.04366580551515225,-4.406546063271384,663,478
turnr20_60,10,-0.04142862728675737,-4.043450410819258,-0.046740785712866995,-3.2745188375868564,663,473
turnr20_60,20,-0.047511061306506626,-3.2445238880302205,-0.04760987630622537,-2.311803053785681,663,463
amihud20,1,-0.002495478618493009,-0.5637983683518433,0.013344192716316126,2.4849259292566255,690,482
amihud20,5,0.005802976165641751,0.5904605596924588,0.035993697047341164,3.4712637616134585,690,478
amihud20,10,0.008497715977407101,0.598688593732762,0.05232044591120691,3.9343313047557573,690,473
amihud20,20,0.011753328632313941,0.579790235792265,0.08431925983648839,4.908059306488348,690,463
amihud60,1,-0.01001825132592595,-2.2738910399409638,0.004873606694986187,0.8722242882456074,662,482
amihud60,5,-0.007894272073310487,-0.8092383061996479,0.022480458792005303,2.123766131731932,662,478
amihud60,10,-0.008274819403156762,-0.5828302182368477,0.035242387991527915,2.5057124371726966,662,473
amihud60,20,-0.00870446695099651,-0.4270279364007868,0.06143449421398193,3.136208731293235,662,463
lmcap,1,0.008595594561960022,1.538055550103586,-0.005429753830801006,-0.7981525863243246,690,482
lmcap,5,0.00851287722308183,0.7182416151105613,-0.02398948147884699,-1.8493433793501364,690,478
lmcap,10,0.009865972137313536,0.600665434568425,-0.03762081379002266,-2.074440993815264,690,473
lmcap,20,0.012133331657164115,0.5029034130364409,-0.06451528000736473,-2.521880523815813,690,463
lcmcap,1,0.010072377029597596,1.8942411850608198,0.0018780872455392995,0.2871075508258229,690,482
lcmcap,5,0.01247809255036655,1.1251671932249203,-0.010252638005367338,-0.8000573776904926,690,478
lcmcap,10,0.015950065164956694,1.047840057989705,-0.018726415188193738,-1.0412286604207102,690,473
lcmcap,20,0.020488140314194537,0.9111550251879802,-0.03935125123792358,-1.5678188115991836,690,463
lprice,1,0.0044216284082593165,0.7561665687714118,-0.030290997008894788,-3.871224988666592,690,482
lprice,5,0.0063650155065583846,0.49139998496546405,-0.05016289943605953,-3.311777212088752,690,478
lprice,10,0.006654704541293714,0.3500677713087761,-0.064937578926505,-3.10175205982149,690,473
lprice,20,0.009903521938490159,0.3659022796913957,-0.08333219432179016,-2.8765211480972304,690,463
overnight5,1,0.008165500655134078,3.030472839055592,0.012874455628303355,4.585952361779331,690,482
overnight5,5,0.015284120766487457,3.232477691283288,0.018431397053859568,3.652977510444115,690,478
overnight5,10,0.0233882043474197,3.724542003418163,0.02320022803981249,3.8654507924296007,690,473
overnight5,20,0.02835239750641395,4.263860524943861,0.02236898974572812,3.468727930281857,690,463
intraday5,1,-0.03769497435843558,-8.12164298936537,-0.03681668806088809,-6.19613951005879,690,482
intraday5,5,-0.03322346319883854,-4.423097252986091,-0.038005044390580764,-4.062089037027745,690,478
intraday5,10,-0.03720495080835359,-4.552907067844533,-0.0504731019879749,-5.010541166436358,690,473
intraday5,20,-0.03941707252586814,-4.65394748100294,-0.05321331398418767,-4.702081508102972,690,463
overnight20,1,0.005978139908225912,2.01794802116006,0.008992217536297078,3.1496790020012138,690,482
overnight20,5,0.012901336762934465,2.0257071762092465,0.012758679180428896,2.439960332527017,690,478
overnight20,10,0.018365248905495072,2.2659133439560697,0.015492455849396694,2.2270854014044574,690,473
overnight20,20,0.025253611678421783,2.5392180416428776,0.019946536293224237,2.1056227444672633,690,463
intraday20,1,-0.03553325149946758,-7.457533357330161,-0.041620149416451105,-6.6538042742190635,690,482
intraday20,5,-0.04989582283595221,-5.743669684603744,-0.06094724700405929,-5.929414828977758,690,478
intraday20,10,-0.056911851735708265,-4.888548205293133,-0.07166787550836284,-5.0137321515699735,690,473
intraday20,20,-0.068720588852897,-4.756743416823212,-0.08825085942869064,-4.224865493032697,690,463
overnight60,1,0.011349103146012765,3.742530961101931,0.010745308333072048,3.548630824141209,662,482
overnight60,5,0.025262649851363908,3.7561156368101383,0.018119748096257517,2.9250167457086365,662,478
overnight60,10,0.03729084392019557,3.995544157270646,0.022557172687089674,2.4190486943731515,662,473
overnight60,20,0.051543108659480745,4.058137816599207,0.02994055240819809,2.255202209049893,662,463
intraday60,1,-0.03254228500848189,-6.368232394241234,-0.03640113915399473,-5.314985118751301,663,482
intraday60,5,-0.05732792844026321,-5.794999942597145,-0.05885874975227804,-4.945325404730614,663,478
intraday60,10,-0.07223060984862904,-5.753353098719477,-0.06730779582291861,-3.939972842071278,663,473
intraday60,20,-0.08447572169229188,-5.670549943435576,-0.07848594223898335,-3.1181153499238965,663,463
closepos5,1,-0.023803301939818663,-6.518274587342695,-0.018763059945375225,-3.5886828726138513,690,482
closepos5,5,-0.013829616238184112,-2.155638618422713,-0.011712764613174062,-1.4436226196310207,690,478
closepos5,10,-0.01655388769190829,-2.304487508148302,-0.01592193784348248,-1.580587068070044,690,473
closepos5,20,-0.01667812550179635,-2.018738982922965,-0.021022390147001312,-1.9569275383159381,690,463
vwapdev5,1,-0.03181831437132012,-7.804650998901941,-0.020807406839144844,-4.032466893103983,690,482
vwapdev5,5,-0.02394859404734431,-3.514667744853429,-0.013726864597822259,-1.6924716211846016,690,478
vwapdev5,10,-0.025385724951481982,-3.7198891536390226,-0.01953922082494177,-2.0638080650430304,690,473
vwapdev5,20,-0.0266618642534254,-3.3942044747927116,-0.024596590989300067,-2.667836964279498,690,463
closepos20,1,-0.01618764724294421,-4.082668985557337,-0.013455488204392851,-2.577230570845421,690,482
closepos20,5,-0.018079935271445368,-2.3756961835551693,-0.01749089358158899,-1.997334182261067,690,478
closepos20,10,-0.02160934974913258,-2.148741481034716,-0.02306008140970769,-1.913549268326081,690,473
closepos20,20,-0.027215413343792332,-2.121744455752776,-0.03918344217863434,-2.357020111701069,690,463
vwapdev20,1,-0.025927523002864484,-6.410641056214046,-0.019495520563154928,-4.044121534398708,690,482
vwapdev20,5,-0.03412332840285074,-4.449635874277501,-0.027723903472658115,-3.483058672990566,690,478
vwapdev20,10,-0.03904404393568916,-4.100400404457756,-0.03762566383173888,-3.4894012349634616,690,473
vwapdev20,20,-0.046598423173667886,-3.9194307668572947,-0.0532638550418419,-3.918948963666645,690,463
corr_r_dvol20,1,-0.022031228767470903,-6.891380774754218,-0.028713678400686997,-6.5378058801942425,690,482
corr_r_dvol20,5,-0.03344966803611048,-5.440040112830265,-0.03862960229296819,-5.242655580865685,690,478
corr_r_dvol20,10,-0.03979298515967899,-4.799959023486543,-0.04170169759996571,-3.892872559720304,690,473
corr_r_dvol20,20,-0.04623832955111486,-4.757256095059784,-0.05044998461179866,-2.9855151410668777,690,463
corr_r_turn20,1,-0.011366320488394033,-3.931365661647183,-0.02211809311249134,-6.340914553786933,690,482
corr_r_turn20,5,-0.011651413365437433,-2.071073622473107,-0.032952432019232626,-5.603762830362868,690,478
corr_r_turn20,10,-0.012538817352148731,-1.7522613964489024,-0.04098950458509409,-5.042199764688653,690,473
corr_r_turn20,20,-0.018906952835193502,-2.3002856153716618,-0.05078044103910581,-4.514327984389812,690,463
moneyflow5,1,-0.02523448962020026,-6.454003047468294,-0.02486328168513117,-4.897316845667314,690,482
moneyflow5,5,-0.016525041249499658,-2.5379405518701916,-0.021759983134302007,-2.776143509207954,690,478
moneyflow5,10,-0.017148282935708335,-2.512055218125183,-0.027520385519604815,-3.116944283958185,690,473
moneyflow5,20,-0.01756311145897399,-2.5166295581264246,-0.029449325322162816,-2.8744951419278553,690,463
moneyflow20,1,-0.021665220437514916,-5.350856195979323,-0.02674290378701275,-5.1077968699997,690,482
moneyflow20,5,-0.025855026785068732,-3.556782220972932,-0.036759145074424314,-4.326027832386407,690,478
moneyflow20,10,-0.028606232965504023,-2.9908935413999136,-0.04129757057552373,-3.399164533681804,690,473
moneyflow20,20,-0.036438492835861605,-2.9078571180051305,-0.05289273102415173,-2.921490499754068,690,463
dist_high250,1,0.00018494138523460137,0.026034187766378482,-0.00906104147845042,-1.3958350891263036,455,482
dist_high250,5,0.006204942088351302,0.44215642751554385,-0.01813438424232609,-1.424316807413362,455,478
dist_high250,10,0.00868469186048762,0.46404833761071324,-0.023005741374966155,-1.2538086185302513,455,473
dist_high250,20,0.010828025514351431,0.45795406419405266,-0.028585353046753914,-1.1146781795215182,455,463
dist_high60,1,-0.010627604081747639,-1.7962908557946722,-0.014813306324691812,-2.0284723441277643,645,482
dist_high60,5,-0.003976486384792856,-0.369819680150242,-0.020694964899890957,-1.6856674686064177,645,478
dist_high60,10,-0.002326428355526225,-0.16423272011989618,-0.023199960746890503,-1.4194531361584577,645,473
dist_high60,20,0.003108461644629764,0.16811570815881663,-0.02633440893766618,-1.2381617298022083,645,463
dist_low60,1,-0.03757348433842975,-6.459254917739502,-0.04655404443732756,-6.718273849552072,645,482
dist_low60,5,-0.052884542721493795,-4.9183337337329025,-0.06918300192990262,-5.852130659037582,645,478
dist_low60,10,-0.06122934500353619,-4.167476418073528,-0.08030706484101412,-4.528591234237987,645,473
dist_low60,20,-0.06827265722550303,-3.262179590392803,-0.08558153463899132,-3.1611326919234446,645,463
pos250,1,-0.010636381079463514,-1.398158163670318,-0.029229186242149145,-4.815615050666556,455,482
pos250,5,-0.008339954453200127,-0.5665521386068256,-0.04408848364275432,-4.140215924634514,455,478
pos250,10,-0.007657140626287697,-0.38116465288476287,-0.05032472738316767,-3.2242868129173625,455,473
pos250,20,-0.010172901043369388,-0.37659225192658485,-0.05707870533502207,-2.5426159690378154,455,463
nlimup20,1,-0.027950792398182895,-10.522392172100533,-0.022640537792030242,-10.571791970572914,690,482
nlimup20,5,-0.047627337588616,-9.874195571648931,-0.03428321309412843,-8.350275984119325,690,478
nlimup20,10,-0.05471046678213636,-8.806688872263834,-0.03812094858819951,-6.911558499347486,690,473
nlimup20,20,-0.06474332863685567,-8.00724413215639,-0.03914269692664195,-5.190969368191269,690,463
nlimdn20,1,-0.0040428447145993045,-2.240229085236761,-0.0032372324728281486,-2.9695862130909045,690,482
nlimdn20,5,-0.006740951072633124,-1.8485799435993289,-0.004037775414271992,-2.23126546075606,690,478
nlimdn20,10,-0.007854054337820344,-1.818304852849744,-0.004862170437585315,-2.1347712127334764,690,473
nlimdn20,20,-0.011720281534400426,-2.5413051381618694,-0.004240285869234415,-1.9018100067442523,690,463
roe_l,1,0.014714947112528767,3.3043511998715305,-0.00016151582344578453,-0.03233355594084038,690,482
roe_l,5,0.023387682559497257,2.397432206849358,-0.007362458357862296,-0.8248468953300685,690,478
roe_l,10,0.02789705217272453,2.083227343242627,-0.015411544031139082,-1.3181021204493364,690,473
roe_l,20,0.0351261867687991,1.9217405317577505,-0.031012774484876764,-1.990521006568571,690,463
roa_l,1,0.014092186868912473,3.471688668923059,-0.0030886540414713877,-0.6404550599094178,690,482
roa_l,5,0.023491004716284635,2.553818992633185,-0.010224498024650452,-1.1603938728692804,690,478
roa_l,10,0.028004638427891446,2.153652266462367,-0.017807808407980644,-1.556841469534539,690,473
roa_l,20,0.03609903122008555,2.03784132870563,-0.030687448461540267,-2.009979649240165,690,463
