factor,h,top_tr,top_va,bot_tr,bot_va
ret1,5,-0.18759528379527926,-0.27047319942756387,-0.07052874430999886,-0.05910452533881052
ret1,20,-0.08456470802230279,-0.1580396315914891,-0.06556781591737389,-0.06336695376991991
ret2,5,-0.1861371015562693,-0.2995807323089268,-0.0514470259930284,-0.026014316869077757
ret2,20,-0.09018898517163237,-0.17545975794620425,-0.0523362816011651,-0.03430453361140996
ret3,5,-0.17999310947304487,-0.3216675259994279,-0.04764357025569281,-0.02196078563964702
ret3,20,-0.08908637360804743,-0.18803603193230428,-0.051753290127342276,-0.020742980952569795
ret5,5,-0.19175915411000377,-0.3298598544658197,-0.07634171391316834,-0.027522679288907736
ret5,20,-0.08661057677615283,-0.2013088824852761,-0.04933410756619354,-0.00556055473148787
ret10,5,-0.19922924525870428,-0.355568004645732,-0.037671130586941375,0.019927642601782692
ret10,20,-0.0892151730500351,-0.213465071518892,-0.0503421667469114,0.027032311702280813
ret20,5,-0.16582776989066014,-0.40494062392756336,-0.047314133340113286,0.06610091185087001
ret20,20,-0.07613095672867205,-0.22730534847543615,-0.038762005203326386,0.05993734947696726
ret40,5,-0.13434525619037513,-0.36425882675103743,0.0640274249367517,0.11807441048348241
ret40,20,-0.08172157265323454,-0.23317370962597866,0.016156645964969636,0.03382070421878987
ret60,5,-0.1427023523639366,-0.3478273557327035,0.015924342407237207,0.03776254781618569
ret60,20,-0.07739604806943681,-0.2265740420550931,-0.03551754730028871,0.006149514934811416
ret120,5,0.0003380474050603867,-0.3260152340689599,-0.02889330547812146,0.06935441884271502
ret120,20,0.03634393516848311,-0.25175548798921243,-0.07628754101489445,0.06153213243741461
ret250,5,0.07231264991818785,-0.2340492371775061,-0.10834939967192647,-0.0575271984393871
ret250,20,0.06194277352329086,-0.16650953438960947,-0.12828111297219577,-0.07712783788393199
mom120_20,5,0.019809131173358467,-0.13109724799589856,-0.08135129203841576,0.007065079938375789
mom120_20,20,0.04272936837279793,-0.14405943888247036,-0.10310695434091428,0.016166131959346717
mom250_20,5,0.08182171353729793,-0.09383823636862267,-0.14250583152408802,-0.1151404827687037
mom250_20,20,0.08284472463885877,-0.08415836170460536,-0.15200098295269215,-0.12377631107518365
mom60_5,5,-0.10382321314766137,-0.23056974253623755,-0.02086442201485009,0.016488695820071703
mom60_5,20,-0.053691144106106425,-0.1616421201221588,-0.04777400577803731,-0.013215835502767309
mom20_5,5,-0.0905199802547886,-0.24659900018228656,-0.058142711887750484,0.060661362362117645
mom20_5,20,-0.044694498583492184,-0.14896068413005248,-0.03609201393461138,0.04644923480440077
vol5,5,-0.18075460897646095,-0.2740503427683881,-0.04318413537588531,0.04004310527198616
vol5,20,-0.15226205668917647,-0.1733536215430423,-0.024523617538921745,0.0245659652005319
vol10,5,-0.23130095215017582,-0.2774956644526824,-0.05152694450804346,0.040781381650829965
vol10,20,-0.18450085030828423,-0.17169432427970924,-0.0288662067860658,0.019931675317011274
vol20,5,-0.23419602369234713,-0.24794418326085496,-0.03521065269719377,0.028017989830788164
vol20,20,-0.2074942906490183,-0.15318441888491546,-0.02670313944224857,0.016512672861262574
vol60,5,-0.20325843669057111,-0.19551343920929393,-0.01672170074947656,0.04688560157776276
vol60,20,-0.20730687438342216,-0.1629029351319448,-0.02331114595316752,0.039371429787683
vol120,5,-0.14408189469989907,-0.1606751004659624,-0.05200932781319119,0.079931603508517
vol120,20,-0.1490290101435376,-0.13866646681750416,-0.055500445858724136,0.07089116563500875
dvol20,5,-0.13696540921511288,-0.07252820133240682,-0.030500779885353962,0.013063123526087312
dvol20,20,-0.11524396730379927,-0.044078183885591385,-0.005250156134552691,0.001233142436057014
ivol20,5,-0.26794223855292454,-0.28984503277208173,-0.011276302254302279,0.11170204423758975
ivol20,20,-0.22558069182605087,-0.1865482909290035,-0.015027387224451055,0.08458486100719112
beta20,5,0.022578329094048704,0.05007579326069668,-0.13744461007222541,-0.26611316287837894
beta20,20,-0.00040027799580219417,0.055182975333989207,-0.10097313835701667,-0.21357690152311132
dvol60,5,-0.155914137230668,-0.11885948595195268,-0.038868272609433804,0.04667557159693662
dvol60,20,-0.18169826161834873,-0.12380287364207503,-0.021742409518146526,0.04752836082824859
ivol60,5,-0.21392923134521422,-0.21174686235167633,-0.0003707278486018346,0.10019656727347023
ivol60,20,-0.20757382644389177,-0.18466757293631036,-0.019802643042303676,0.09117275480827329
beta60,5,-0.01449913890191507,0.02791120014006344,-0.1301584522963461,-0.15654235721703885
beta60,20,-0.06349245544946461,0.03502192831425,-0.08514818413756083,-0.12399535960410286
maxr5,5,-0.20123906443415834,-0.3090463509031013,-0.029707969918184658,0.024209474921840023
maxr5,20,-0.14652359369202123,-0.18826824392299485,-0.01996746807626101,0.026385054588781282
maxr20,5,-0.2048509933296387,-0.21471562443623227,-0.02850948342556363,0.047953777456577015
maxr20,20,-0.1692020984367127,-0.12012408097682134,-0.02514185369871551,0.03247095512753516
maxr60,5,-0.1382818425229582,-0.11837097711207456,0.014732855514862697,0.05525621114128267
maxr60,20,-0.13854330628018524,-0.09591262185169291,-0.0013088028110232592,0.05193433039901624
minr20,5,-0.029208836658679467,-0.005008883399577671,-0.08015141397832094,-0.06356820378299746
minr20,20,-0.004511354037025305,-0.0057841959481980875,-0.04854139806275172,-0.03386350025004513
skew20,5,-0.07517382056366197,-0.05534499359353784,-0.008680497412734125,0.06420006657627443
skew20,20,-0.05017876261883688,-0.04253457468517901,0.02188387616622326,0.025301502347144962
minr60,5,-0.0019380932586775478,0.028130755581596896,-0.06489427679644767,-0.07410557089626348
minr60,20,0.010679409162037398,0.03812310060372606,-0.09225538639284232,-0.06340573783514206
skew60,5,-0.10027814819617738,-0.08077859722584621,0.01569088717334908,0.03282690951299299
skew60,20,-0.05769956911803935,-0.03491091235548626,0.007280990722938299,0.018938666004588326
range5,5,-0.25671408657202827,-0.298016368006682,-0.08564072877425313,0.03440696529470268
range5,20,-0.18480921698640884,-0.2112340639519774,-0.0575134715707009,0.032755186802673794
range20,5,-0.20343497173894134,-0.26451332583267767,-0.05961960471137042,0.04430694935590755
range20,20,-0.1741355449984947,-0.17967650886289604,-0.04431365299494483,0.029392479294550987
lmoney5,5,-0.09628580666985063,-0.32188662139328444,0.051170159256703915,0.20227049926450955
lmoney5,20,-0.06024813464524013,-0.2602981198584708,0.04530052552036747,0.20016766760531363
turn5,5,-0.28984227902458215,-0.35335495171282794,-0.041761773810790215,0.03276763218937829
turn5,20,-0.24926940021622063,-0.24140444703523153,-0.023105667511471605,0.029987255643112203
lmoney20,5,-0.06427420923221286,-0.24746490604979515,0.06627132476194549,0.19260386667329688
lmoney20,20,-0.045644290478929775,-0.22075665390531282,0.06190303849845896,0.16955047404135087
turn20,5,-0.24043257854007974,-0.2804401056346641,-0.028248966274221333,0.03342829099472464
turn20,20,-0.2311538081262742,-0.1942777191476806,-0.018163256560785154,0.023607251875351273
lmoney60,5,-0.03700540163690623,-0.1929164313876497,0.0718928593363504,0.15424361265140948
lmoney60,20,-0.028779217042080175,-0.18806398423303902,0.05208901284417452,0.1621158043946683
turn60,5,-0.1988349106162311,-0.18727748969336225,-0.03876992850354,0.026091515821023203
turn60,20,-0.20296735752676248,-0.16784814688508803,-0.03657286925528147,0.01789458575251658
turnr5_60,5,-0.24429213342579983,-0.22412986549259326,-0.0647144115679695,0.08945045395750431
turnr5_60,20,-0.1609110484587507,-0.11595853474925491,-0.048009155762979476,0.07530159884191485
turnr20_60,5,-0.20937626577196217,-0.13175993263652702,-0.03971041026509824,0.1073701167816798
turnr20_60,20,-0.1264310300960721,-0.04130376632872558,-0.005402008176030842,0.0555682500646663
amihud20,5,0.03626037690059682,0.12591537747799458,-0.036261580140606355,-0.17994764131815566
amihud20,20,0.03858446193371968,0.1546929606085635,-0.012379964832808107,-0.1766283113694334
amihud60,5,0.03007201359859883,0.09603210422939712,0.0033359128362131668,-0.1438475731249868
amihud60,20,0.024588570865206102,0.1258090461218537,0.016034022413483312,-0.14482077127245097
lmcap,5,0.000800509330730793,-0.1116960701625693,0.06892751423446489,0.24520617397100003
lmcap,20,0.01144516140149873,-0.1195116658999418,0.03405091658607413,0.21689342023742988
lcmcap,5,-0.005734606165713227,-0.10041130635631479,0.03322287230572306,0.07252903853528718
lcmcap,20,0.006465454781587811,-0.10981656776611357,0.014543466620523748,0.06401585734911548
lprice,5,0.13523677917286905,-0.17043669283462184,-0.0245841739730296,0.08886564439612579
lprice,20,0.1397128358565563,-0.170281596894657,-0.04529866413328921,0.06739392964622944
overnight5,5,-0.05311772532684479,-0.08749040072456683,-0.20345125161201758,-0.19555884204966162
overnight5,20,-0.006095879902905629,-0.052143804578087136,-0.15523835133517516,-0.12009112487711533
intraday5,5,-0.21401157522124276,-0.3525976189959915,-0.02965772296190545,-0.0025199329386388003
intraday5,20,-0.12208313777947781,-0.21872052926767255,-0.0073477028426062576,0.014407426428730507
overnight20,5,-0.02691523503460493,-0.09409854850143765,-0.1736610585339595,-0.14563848991042222
overnight20,20,0.016376500305785385,-0.05543486386003653,-0.15800843094931982,-0.11841728074622467
intraday20,5,-0.21622971695853396,-0.4149633003823904,-0.013602757325170573,0.05480238591910952
intraday20,20,-0.1445948848089152,-0.24467829641241975,0.005694300682710702,0.06450397259882486
overnight60,5,0.04090689520875154,-0.0408236998992864,-0.20917058454142107,-0.15267153536920158
overnight60,20,0.07484259373045901,-0.013906990110337358,-0.21941608520973666,-0.12934823727671563
intraday60,5,-0.22706723854947558,-0.31581530479507125,0.06847011246148135,0.0456615065222022
intraday60,20,-0.18740864965688883,-0.23967898912451577,0.04718989649593823,0.029197737515390853
closepos5,5,-0.15042090806448874,-0.170757112068621,-0.02918267871375512,0.017966192138257262
closepos5,20,-0.04649580549038619,-0.10302165199845952,-0.013734422569533491,0.007174218224879697
vwapdev5,5,-0.23815603752800887,-0.30104273831872275,-0.028762021589426583,-0.02085034844115865
vwapdev5,20,-0.11861209318207278,-0.18458802427197682,-0.010197923518384382,-0.007508438798330995
closepos20,5,-0.06714307186260396,-0.18203079408736017,-0.021109602452406822,0.02889807980053572
closepos20,20,-0.032292778954145174,-0.1432511765239405,-0.004342182459332772,0.036522908259998724
vwapdev20,5,-0.21112380595099683,-0.3038260467088202,0.04571395902940954,0.07982882241001402
vwapdev20,20,-0.13401052224111218,-0.20096613144819225,0.03697634985009617,0.05830998409557332
corr_r_dvol20,5,-0.1034521872972995,-0.1081516639142146,-0.014382192111238016,0.02584309980297931
corr_r_dvol20,20,-0.09731266365789246,-0.08449404447108358,0.014573555375522457,0.02924421592296884
corr_r_turn20,5,0.022748378394366865,-0.11153314005085817,-0.055407149419564164,0.05028281416110294
corr_r_turn20,20,0.02218708469373559,-0.1089744042938463,-0.014858983425315659,0.04166120394159943
moneyflow5,5,-0.06982135869577187,-0.15557048732338538,-0.046160409972126684,0.011943010832545122
moneyflow5,20,-0.015266670414475523,-0.10564743438261989,-0.019732640692333193,0.012651781125931438
moneyflow20,5,-0.05909656789889335,-0.1931453325492437,-0.03016907063905893,0.03738978727579693
moneyflow20,20,-0.021911692952223182,-0.12397974489267911,-0.015696805907105253,0.055612869661215224
dist_high250,5,0.1270071923348552,-0.18230040281331603,-0.06313058102160905,0.06594251792705334
dist_high250,20,0.06223640755329539,-0.13276060560709915,-0.10123756922001363,0.035378282141771
dist_high60,5,-0.07111173216138024,-0.2028728630173763,-0.010297090723799796,0.09982933097794033
dist_high60,20,-0.024578117146612784,-0.13220328952725505,-0.07333112617495673,0.035174565020094264
dist_low60,5,-0.1745675422298299,-0.36236270108730295,-0.09820493421224016,0.0020027873712910806
dist_low60,20,-0.10363323615224826,-0.21700525116595454,-0.04962174804078688,0.012905903984848954
pos250,5,0.14311368608547753,-0.25777628432571553,-0.12555800273101503,-0.046029965419268654
pos250,20,0.07978720391239284,-0.17379027656510324,-0.11118357526359217,-0.05149491270371391
nlimup20,5,-0.2391706170935024,-0.2551302708442356,0.00031492013921693746,0.06683309460959315
nlimup20,20,-0.1955613040743148,-0.13441517649549284,-0.002061454495285941,0.039814800590284666
nlimdn20,5,-0.037599695276718456,-0.06982510275246732,-0.0918944216071056,0.028931860971627955
nlimdn20,20,-0.0406296801463281,-0.06243813552180055,-0.06269255675548477,0.01654734436026289
roe_l,5,0.005996816179965378,-0.12561835894651718,-0.09304325593231491,0.06259868054357237
roe_l,20,0.014139479015059997,-0.1417974767703137,-0.10612499018617676,0.058989425574073814
roa_l,5,0.006637705690787433,-0.13268258757242485,-0.09220017363113595,0.06719439326733008
roa_l,20,0.015873999094207482,-0.13916053811998513,-0.10447969521617242,0.06203816696660537
