n,rule,ann,vol,sharpe,mdd,calmar,worst_day,adv_med_M,y2020,y2021,y2022,y2023,y2024,ann_20bp,ann_3M
20,C0 none,0.28933473138278476,0.2413597545819596,1.1748245473798267,-0.36417098096316525,0.7945024356898169,-0.09475688904666146,12.387261210750152,0.1589284892492031,0.5562233126787057,0.25382226930082497,0.3394969755611321,0.05705716891861501,0.2663197620580193,0.2892812702963994
20,C2 crowding,0.3205006864950517,0.21698424218500215,1.3907961548253436,-0.2822537178998824,1.1355056325909436,-0.08042259119772543,12.387261210750152,0.16882832584072482,0.5467595799839051,0.31575249370153813,0.2804578056276481,0.17271709449736972,0.29700023657025487,0.3203508657752292
20,C2 or stress,0.3057010009951342,0.20683275868683482,1.3940083657060474,-0.20193286579396785,1.513874424518102,-0.07321023875514499,12.387261210750152,0.14940809874899963,0.5255575933922194,0.2740680718144384,0.23869127602437024,0.2258354936214051,0.28176617795681724,0.3053148872292748
20,C5 crowd|breakdown,0.22604153370400826,0.15960838698014168,1.357294706157957,-0.18360120628480414,1.2311549486955453,-0.05007446711331365,12.387261210750152,0.13132829108541255,0.4408988557635867,0.17328283222387042,0.17080990888553038,0.13549779067612544,0.2071378212867656,0.2253678588188508
30,C0 none,0.2705907894220103,0.23603407878678528,1.133791069361894,-0.3579419030115073,0.7559628731518232,-0.09197469933898439,12.89877839775009,0.17018987023934984,0.49021690365484516,0.22869720901853707,0.31344212381247294,0.06394322011774922,0.24982214485559417,0.27048249218726017
30,C2 crowding,0.30687397854849063,0.21262104827823283,1.3660777849764811,-0.2754149958021421,1.114223928347564,-0.07805263575707067,12.89877839775009,0.17731498127795198,0.4838282024349638,0.2916293437791204,0.2804675330972146,0.17894577414047408,0.28533157933285236,0.3062499700682886
30,C2 or stress,0.2894255828425465,0.2024151789481596,1.357961360436846,-0.19767198834728428,1.4641709493712531,-0.07469084024032135,12.89877839775009,0.15411066313350652,0.4623132846657678,0.25094261134538876,0.23724825621690093,0.22620410467511243,0.2674577678712635,0.28834070634047393
30,C5 crowd|breakdown,0.22097046354398198,0.15505005061486665,1.3658116650453695,-0.18040323179825468,1.2248697617074493,-0.05124417824894145,12.89877839775009,0.14427785016100514,0.416164321332793,0.15476865192930944,0.16774791980106163,0.14173507995223233,0.20347502282629248,0.21944253000987857
50,C0 none,0.28305719963572695,0.22912050173273735,1.2036362654007713,-0.3318326373736955,0.8530119335939829,-0.08234761333595086,13.754479866499995,0.20018202103897065,0.45219247972798304,0.2864566159105344,0.31172082298090076,0.0646091071975432,0.2643707178521735,0.28290273449128334
50,C2 crowding,0.3164846400582264,0.20747477744312895,1.4301561345481002,-0.2545590678172167,1.2432660237641766,-0.07979935908073832,13.754479866499995,0.20693126423303654,0.44652959801889147,0.335325930153481,0.28745336692740664,0.1735993934549691,0.2970066846804542,0.31516033733165605
50,C2 or stress,0.2993764857798209,0.19825241095871718,1.4211715943775134,-0.19552270540165362,1.5311596940356624,-0.07979935945019434,13.754479866499995,0.19081134002453015,0.427919471475682,0.2955355553471726,0.24459008527993809,0.21007350301550343,0.27938885867438046,0.29714406767411017
50,C5 crowd|breakdown,0.22666490505549874,0.15201099579354369,1.4207214466670783,-0.16725681480487198,1.3551908501900771,-0.05499159444261015,13.754479866499995,0.16932753597482186,0.3689724349031396,0.18869462005855642,0.175784746656255,0.1391462197159672,0.21073592725300339,0.22345483282351908
100,C0 none,0.26598429475691976,0.22732165490196535,1.1523366109864446,-0.3314234706645134,0.8025511718395012,-0.08526564369128775,15.224614615500068,0.22543577195111597,0.39619573425517296,0.29280148353436153,0.282353173667258,0.03819829065530578,0.25089360680578143,0.26558036324150924
100,C2 crowding,0.29738466701902255,0.20538581477680184,1.371327443299881,-0.2553655628925582,1.1645449122055012,-0.08056443000062319,15.224614615500068,0.22956176571132314,0.38517518506275095,0.3386114108758431,0.2616196098834773,0.1453682214167984,0.2813663543588838,0.29417490411143565
100,C2 or stress,0.28034520819231545,0.19570895569973298,1.3615744296019812,-0.1968069867732326,1.4244677630034461,-0.0805644300550592,15.224614615500068,0.21730075768894452,0.36847214246409465,0.2981746771538831,0.21636883146161878,0.1788474661602233,0.2637030994536307,0.2755289100862357
100,C5 crowd|breakdown,0.21638918789081574,0.1499500205843024,1.3820215236960116,-0.16621009750282456,1.3019015760287274,-0.055720777874539884,15.224614615500068,0.19096028191257353,0.33372703103605694,0.19733879487585715,0.15899487343116525,0.1125395773187794,0.20289324072899784,0.2095069736585895
