factor,h,own,corr_size,corr_liq,raw_tr,raw_va,neu_tr,neu_va,neu_ls_tr,neu_ls_va
ret1,5,low,0.01,-0.04,-0.06301471535074986,-0.07318528281250625,-0.05722279409250597,-0.07289874430037696,0.15918315675456532,0.2060903937986147
ret1,20,low,0.01,-0.04,-0.060240188998050566,-0.07857097362781144,-0.043107243478425886,-0.07202030299467728,0.05420566557046981,0.09869652413187972
ret2,5,low,0.02,-0.04,-0.04574540044648214,-0.048632215163535206,-0.029946369041953077,-0.04538302003973785,0.17547144808633192,0.2656162618934751
ret2,20,low,0.02,-0.04,-0.04882385004293858,-0.05393873347365246,-0.02617598142954731,-0.04698421958405622,0.07235814964908976,0.13945515374277595
ret3,5,low,0.02,-0.04,-0.04662377836183506,-0.04548438981807077,-0.03387324759449997,-0.04551913849903142,0.16836000505288018,0.2824666135229125
ret3,20,low,0.02,-0.04,-0.04694261186765828,-0.04171439246463378,-0.026897821083245534,-0.035675765099414586,0.0767867503012813,0.16630919228027963
ret5,5,low,0.02,-0.02,-0.0771442427418572,-0.04944029214688164,-0.05764503620943439,-0.03587008625624858,0.15352829347552208,0.30039391895417433
ret5,20,low,0.02,-0.02,-0.047893705168612785,-0.026591346722638323,-0.025178876151165073,-0.01635164357891359,0.08350529282028177,0.19495125051753825
ret10,5,low,0.04,0.02,-0.04509353273722615,-0.00966394158339996,-0.031430899535316206,-0.0033761114365827715,0.18504668072087121,0.341800167165043
ret10,20,low,0.04,0.02,-0.04543689166392425,0.0031418347363786256,-0.03008940149438995,-0.0055056359201291925,0.07662402645998578,0.20334485314123885
ret20,5,low,0.05,0.13,-0.04798940408103219,0.03321627993415287,-0.03464359423126359,0.026543079398573397,0.12218149489273392,0.3578942163381388
ret20,20,low,0.05,0.13,-0.03595407484537707,0.03450038800271882,-0.05041257310334517,0.01743011740756312,0.021564417678880593,0.19799737585183105
ret40,5,low,0.06,0.24,0.05641832410150255,0.08298856050077262,0.0017319563430720048,0.053865025158348324,0.05645501917978553,0.2769775649357152
ret40,20,low,0.06,0.24,0.018973426233433004,0.008407310947928586,-0.03224051781075337,-0.016479666635276436,-0.02937166037783664,0.11458745760192122
ret60,5,low,0.08,0.28,0.016795896756967698,0.006742344800780607,-0.026010827183943024,-0.029642181101664892,0.0007425820744932643,0.12972387493470633
ret60,20,low,0.08,0.28,-0.026642792317370066,-0.0181230943606899,-0.062475118529198105,-0.04251601127383295,-0.08717599176402611,0.05929889752326087
ret120,5,high,0.11,0.33,0.006308475347902689,-0.3363283071372681,0.10085141763380467,-0.12782712087466014,0.1860792531939834,-0.12626445203861675
ret120,20,high,0.11,0.33,0.032668409794620185,-0.26004062556993957,0.11135813522649708,-0.1169921014038786,0.23495318798010006,-0.12413072315214965
ret250,5,high,0.18,0.38,0.05890068699060253,-0.2520299663400826,0.10979160596008733,-0.09452904386463998,0.2935771239004036,0.025140287549319143
ret250,20,high,0.18,0.38,0.0394718334677259,-0.18413891690991474,0.12617945653222287,-0.06481422294325946,0.32010150748702254,0.06448461243050112
mom120_20,5,high,0.1,0.28,0.026955945832851092,-0.15948055679716513,0.126720460210428,-0.07657912234031579,0.2544298089378594,-0.01119130962107942
mom120_20,20,high,0.1,0.28,0.043768210418131046,-0.1641528559910183,0.12807944988359832,-0.09285044246066086,0.2621366723181376,-0.05727613758897258
mom250_20,5,high,0.17,0.35,0.06857938063480437,-0.12313015099004669,0.12298869608976679,-0.0482933081307267,0.33479239109280967,0.13447228492923052
mom250_20,20,high,0.17,0.35,0.058055500414255765,-0.10650898591340024,0.13680616678003682,-0.04049271697401007,0.341314152955806,0.1333127228727457
mom60_5,5,low,0.07,0.29,-0.01643035867776546,-0.01539533895145955,-0.05686054546988025,-0.04891274891149384,-0.07584205599983268,0.03135383486372174
mom60_5,20,low,0.07,0.29,-0.03921595171424083,-0.03516789546311024,-0.06855936467087388,-0.061007513345243534,-0.12063479184443757,-0.007088409111347033
mom20_5,5,low,0.04,0.14,-0.05313312243521146,0.028745053535812862,-0.0409437245327541,0.025242673868479785,0.0332602424176078,0.22817648862067041
mom20_5,20,low,0.04,0.14,-0.030884133670161167,0.021361803570153038,-0.04689021962403258,-0.0021985923008138483,-0.028723970369665383,0.09873295704151176
vol5,5,low,0.01,0.35,-0.03450089285940424,0.035286526279803096,-0.044270800391148744,-0.013872487126631406,0.03514760652646572,0.07728105358862226
vol5,20,low,0.01,0.35,-0.020092709015896864,0.027288494109533722,-0.030176954519350197,-0.020431763208931725,0.0004949085323747056,0.038163620181666955
vol10,5,low,0.01,0.43,-0.048535831779067326,0.04667148635549289,-0.04689558877190639,-0.011417575646437434,0.04367295483059648,0.050244903450779574
vol10,20,low,0.01,0.43,-0.03358958771279546,0.026177735987328643,-0.036211907463726926,-0.026109580361385464,0.00700211952110797,0.015933948878657865
vol20,5,low,-0.0,0.5,-0.039822835912565024,0.03234209930431788,-0.03972680801359625,-0.04712050811779566,0.0320912431248849,0.02105896283225967
vol20,20,low,-0.0,0.5,-0.03272098274695345,0.027778039864285065,-0.035815274370684956,-0.04784689869586111,0.0018509346702346927,-0.00392508558418897
vol60,5,low,-0.03,0.47,-0.027752287790817554,0.051651657304585846,-0.024606377468154347,0.013184979056696394,-0.02225099822775628,0.03375344743093865
vol60,20,low,-0.03,0.47,-0.028954920856300408,0.049279803769423224,-0.027286537530935517,0.017835035109864224,-0.03359857319877861,0.061114651213096685
vol120,5,low,-0.05,0.41,-0.049301060040227704,0.0852937126332723,-0.0592363339360508,0.04513848055112625,-0.08968548680245116,0.06927845530029994
vol120,20,low,-0.05,0.41,-0.05323542965744485,0.07749667473609488,-0.0547148815319781,0.0342582365559698,-0.07562266235996075,0.06882630261884617
dvol20,5,low,-0.05,0.41,-0.036053919716382804,0.017822270501722876,-0.03907665960950505,-0.09795044278093536,-0.0444332733278682,-0.11779966023100925
dvol20,20,low,-0.05,0.41,-0.018748097047814966,0.01505848052972004,-0.009609954801192441,-0.07908659245057856,-0.013131879054430213,-0.09033312374502371
ivol20,5,low,0.07,0.53,-0.0019240071452609367,0.1097592967315388,-0.018545137458297258,0.04257283020844601,0.06191862618034013,0.1379101608598416
ivol20,20,low,0.07,0.53,-0.005208057542349172,0.0934152651605747,-0.02708544999420894,0.01700202002417035,0.01617670501733354,0.07575981817861609
beta20,5,high,-0.17,0.08,0.031303691979432356,0.023321959653046426,0.030920462468819934,-0.008153638632250507,0.193112059144448,0.2557636729082711
beta20,20,high,-0.17,0.08,0.004288126287908522,0.03303993454023828,0.024920119648825123,-0.006323249672989206,0.12097640914936146,0.18658437350049767
dvol60,5,low,-0.08,0.38,-0.04705932106181597,0.045844298733340706,-0.04039701971830867,-0.015786188409045134,-0.045775119027274956,-0.004844564885982578
dvol60,20,low,-0.08,0.38,-0.03034612486506648,0.05197778006214791,-0.0052110224854648715,0.004152296570701638,-0.0016034341341651724,0.04289942283940622
ivol60,5,low,0.04,0.5,-0.000833154165215266,0.12261285261909807,0.005206737283343611,0.06228015825162922,0.025256818748457522,0.09121162783251642
ivol60,20,low,0.04,0.5,-0.012523529115951858,0.10955616301115874,-0.022418282790002537,0.05617460636499588,-0.019047064659359583,0.1088518430231249
beta60,5,high,-0.22,0.09,-0.010015072764344721,0.005487787663027516,0.026652498515827697,-0.03381829465221632,0.16552312162311572,0.13935877161196197
beta60,20,high,-0.22,0.09,-0.052556779578452256,0.01627961651122136,0.018384732000621073,-0.028857512844089744,0.10220027619305129,0.08981482180761448
maxr5,5,low,0.02,0.23,-0.029280781123830153,0.01225101637067904,-0.04502434815247277,-0.026681986480181653,0.0548777036711468,0.12299768041398036
maxr5,20,low,0.02,0.23,-0.02079559196058915,0.018295214327155338,-0.03356099029113325,-0.013848394338327668,0.017806441537030815,0.08462580742652506
maxr20,5,low,0.02,0.43,-0.03123766479528682,0.05739326077334402,-0.0454332020631708,-0.0020160882244767303,0.037760820116502246,0.0687788268672963
maxr20,20,low,0.02,0.43,-0.030450545170925304,0.04146677866083817,-0.03693073076543771,-0.01624783438610427,0.004867155128061164,0.03059318229735259
maxr60,5,low,-0.05,0.36,0.00661343117794899,0.06689999784704569,0.027413124952269004,0.03699476390642325,0.06021865670036416,0.04408340858655013
maxr60,20,low,-0.05,0.36,0.00031639333701161387,0.056230116475446575,0.00548860129794937,0.029041758464578668,0.01685262854560884,0.05412048653916678
minr20,5,high,0.05,-0.36,-0.03836631226651849,0.0018685613709285784,-0.0376724030487596,-0.08406027644382223,-0.04645470260667749,-0.13829578636090115
minr20,20,high,0.05,-0.36,-0.014831486775239081,0.01141998647301733,0.0004941087694916415,-0.07442899325592274,-0.013490713916432633,-0.10076110548571443
skew20,5,low,0.06,0.13,-0.009845352751744486,0.06716189699618924,-0.00932417831226706,0.007335818854929586,0.052346836344685,0.04929619816110595
skew20,20,low,0.06,0.13,0.010897333063140377,0.01776026505845277,0.008592441183018683,-0.02014174245156937,0.04604363759872198,0.002765127641454819
minr60,5,high,0.08,-0.29,-0.023987157071649744,0.0395651939930777,-0.013617587364466513,-0.012929129989674581,-0.030843314240526935,-0.02220517343461132
minr60,20,high,0.08,-0.29,-0.006275634631798955,0.049516844094414696,0.0056132753498750266,0.00697431558785684,-0.0036016339504494023,0.015281990363097454
skew60,5,low,0.04,0.15,0.018681046481169156,0.048016232772899486,0.008565710499959148,-0.008189527398900477,0.08421748886378477,0.01752263277115516
skew60,20,low,0.04,0.15,0.015130258893366647,0.025380786244216295,-0.004137979805536603,-0.015492134246737215,0.04048166977225621,-0.014472180276750008
range5,5,low,0.0,0.4,-0.08072313757914,0.027703335241877503,-0.09414333429571442,-0.025211433064274702,-0.045736011931540546,0.04596239869339791
range5,20,low,0.0,0.4,-0.057553203295045,0.027735522774903622,-0.07537698335134715,-0.008658400576816092,-0.06596874030980082,0.05562331343574303
range20,5,low,-0.01,0.49,-0.06044205121845838,0.04003144512221725,-0.058700672075125124,-0.02585795203345337,-0.0776839867095636,0.03913152710882667
range20,20,low,-0.01,0.49,-0.04962385572185225,0.02890128869828742,-0.04488093319181436,-0.0333450304089439,-0.07936361339148337,0.018683733576094437
turn5,5,low,-0.24,0.37,-0.04191502762011898,0.05088446183748506,-0.016144115576864355,0.06940894844951254,0.06903766292029923,0.2248402752244379
turn5,20,low,-0.24,0.37,-0.028855933193284996,0.045705393305048816,-0.01960701628246157,0.07662267150188154,0.03458801064631936,0.21605896861984444
turn20,5,low,-0.26,0.39,-0.03605918729251556,0.04505321467802873,0.006561030044356532,0.06458067163521586,0.04672930816934897,0.1775959335875627
turn20,20,low,-0.26,0.39,-0.028257924014254972,0.036673871126309064,0.009148309043042369,0.0513615370345962,0.049294304603566014,0.16574564588747787
turn60,5,low,-0.28,0.31,-0.032869399383319425,0.037473837129725206,-0.03698072340419908,0.08373817240439035,0.0012138855949047345,0.17536790744995148
turn60,20,low,-0.28,0.31,-0.03279141383905463,0.025384301360155227,-0.03137114085813791,0.08797833423964278,0.009319842099914169,0.20086204281142034
turnr5_60,5,low,0.08,0.17,-0.06033848718747631,0.0726827290881546,-0.06885324184037266,0.012593909845955783,0.09846507548701326,0.12229270319257128
turnr5_60,20,low,0.08,0.17,-0.04353869847269554,0.06054012310983226,-0.05729261439652967,0.01442270742319257,0.03973378226192462,0.0531707366849307
turnr20_60,5,low,0.04,0.26,-0.029307963601969064,0.10218446650832468,-0.05891638680801456,0.033825782120623454,0.041734948626921065,0.05212962030507318
turnr20_60,20,low,0.04,0.26,-0.0002987680874469337,0.05324788984929246,-0.03685719271775996,-0.00810377828189733,0.017652952860274754,-0.03803749197627393
lprice,5,high,0.22,0.25,0.11322535746671557,-0.1937603059779225,0.07633562271062677,-0.10960944189614981,0.1592788979181894,-0.12682267236379197
lprice,20,high,0.22,0.25,0.10995383814487811,-0.18909641457353377,0.07984482865587185,-0.10998517439393847,0.16998021020309742,-0.11739976083607277
overnight5,5,high,0.0,-0.13,-0.0446053577690207,-0.07483903997611092,-0.04452410034273127,-0.1235642324380797,0.08462593491151285,-0.04507367609277038
overnight5,20,high,0.0,-0.13,-0.0018744433943862838,-0.043684674327423505,-0.015969521004365116,-0.08333780721684421,0.08159637854820555,-0.04068516575792245
intraday5,5,low,0.02,0.04,-0.030222050537428106,-0.021542141738604925,-0.025424996630278716,-0.024085171096681277,0.1853422061659395,0.28693335741813547
intraday5,20,low,0.02,0.04,-0.008210998316286649,-0.0003117110653821926,0.005985660060285268,-0.009768316719937838,0.12982163254616405,0.18296134275872805
overnight20,5,high,0.02,-0.14,-0.02095182659470833,-0.07715419032966386,-0.015572901895965573,-0.154291345982425,0.12157963602426339,-0.13632208494188236
overnight20,20,high,0.02,-0.14,0.014595106824987547,-0.04559878277766693,0.010009332979420601,-0.10358727002158788,0.12391423381812938,-0.08443941366414064
intraday20,5,low,0.03,0.21,-0.016870363756458215,0.04126399288676037,-0.007820130804892182,0.005601396370843837,0.1570828553994254,0.2517494827999795
intraday20,20,low,0.03,0.21,0.004357853631331457,0.05168848252318807,-0.009802971245188061,0.013142399012394184,0.08165233310424341,0.14312936873468063
overnight60,5,high,0.05,-0.1,0.03763454464109076,-0.018025001324823077,0.05988010858724547,-0.09867258482705013,0.2150389293155001,-0.0949233151922397
overnight60,20,high,0.05,-0.1,0.06222040974402992,-0.0007416413526002945,0.07372707362349602,-0.0653388910451433,0.22919849037025009,-0.04316923994985768
intraday60,5,low,0.04,0.34,0.06942037251357369,0.037752511222348586,0.05321945309626065,-0.020029762097980422,0.10996817967252068,0.04545509295455637
intraday60,20,low,0.04,0.34,0.04585526825015743,0.025330851142462855,0.02597825698154702,-0.027181280263802586,0.04353876047406609,0.030023928800229735
closepos5,5,low,-0.03,-0.07,-0.03773517862317533,-0.0028451184200016526,-0.013742835946226545,0.018851175904771013,0.17655142530689294,0.20044064298803757
closepos5,20,low,-0.03,-0.07,-0.02026906135777583,-0.004628994108860269,0.00741850351196055,0.021302070761708192,0.08776570053322678,0.1393167380636298
vwapdev5,5,low,0.01,-0.05,-0.025449438909262084,-0.040227102453710396,0.004509627013003837,-0.04113469888173288,0.26245672305941,0.25568008595397035
vwapdev5,20,low,0.01,-0.05,-0.010701399432143476,-0.02604015479520255,0.005120290368024875,-0.01852458658336289,0.1380578376116712,0.17420956472750107
closepos20,5,low,-0.06,-0.05,-0.02962271595214782,0.013162340665814523,0.008587879871761676,0.06327423306401646,0.13991720396079427,0.23562672187856287
closepos20,20,low,-0.06,-0.05,-0.011318620612928175,0.02226865139666049,-0.0025831817801680447,0.0489094504390462,0.054748465865533134,0.17675919011279675
vwapdev20,5,low,0.03,-0.0,0.03650901777320933,0.05034169287545104,0.04598485287406983,0.03792397960953663,0.28190274029994417,0.33756943067075534
vwapdev20,20,low,0.03,-0.0,0.028479951655154614,0.03376457986369099,0.027843001934515534,0.030842744506355463,0.1654974876170164,0.21981335109559363
corr_r_dvol20,5,low,-0.03,0.14,-0.010478941114888396,0.02562616977054666,0.006699703919706195,-0.0016614592972055656,0.07062185817371858,0.06359761153282939
corr_r_dvol20,20,low,-0.03,0.14,0.016189220350244216,0.031198330856838766,0.014896144474785957,0.00023857033249894663,0.06431604725860356,0.04862759933095711
corr_r_turn20,5,high,0.08,0.11,0.014129223081848417,-0.1226471746692035,-0.026013328285162056,-0.0783219494842994,-0.015994980745575392,-0.08034058099953717
corr_r_turn20,20,high,0.08,0.11,0.01354770421555959,-0.11278668050805177,-0.004200607876033796,-0.07062669983977554,-0.003565242160337417,-0.06624667071015784
moneyflow5,5,low,-0.0,-0.02,-0.05276529070642832,-0.008429652678544609,-0.040227764379594945,0.00748843015977323,0.058718267729372296,0.18777612921907774
moneyflow5,20,high,-0.0,-0.02,-0.013913677908303728,-0.10245122957095673,-0.04038912953567125,-0.11312147785414682,-0.03499535077446647,-0.12653796909001308
moneyflow20,5,low,-0.0,0.07,-0.04037617780442881,0.018270191917575954,-0.01260573642041219,0.0459175037589781,0.0715260228909946,0.18692717720087787
moneyflow20,20,low,-0.0,0.07,-0.011813046024291644,0.042960571271836244,-0.020260292115401732,0.04103719370336266,0.004829110458617076,0.1253423142401192
dist_high250,5,high,0.14,0.15,0.1259774778598852,-0.16885354096124663,0.12647604081478148,-0.10650497297481508,0.2356180706279091,-0.1285172057137119
dist_high250,20,high,0.14,0.15,0.0541576394043125,-0.1281317112444752,0.08646629531869346,-0.07161279279534138,0.23426746869166393,-0.06249395972577114
dist_high60,5,low,0.08,-0.05,-0.011772625919761998,0.057050203804663614,-0.024591532048954458,0.056732976794215476,0.07671610862281383,0.2748778063188722
dist_high60,20,high,0.08,-0.05,-0.025485144245258756,-0.12458978714244896,-0.04216637026708393,-0.1311103575983227,0.014687976823838773,-0.12159280417788701
dist_low60,5,low,0.04,0.35,-0.10723844929704347,-0.020585471349160715,-0.10684495897169492,-0.04772184603918773,-0.05195240264601674,0.08405256153767335
dist_low60,20,low,0.04,0.35,-0.053383858141073146,-0.0016997071674425908,-0.07631418206268371,-0.025472124300574342,-0.07395922151624224,0.045274660165682434
pos250,5,high,0.15,0.35,0.13247878021333065,-0.253123808223166,0.1277437125061096,-0.039344383197072334,0.29314848656186965,0.04813378991010798
pos250,20,high,0.15,0.35,0.06997676807418295,-0.17430324535068845,0.09363815250232228,-0.01638755774171086,0.26267828865172904,0.07644702174285768
nlimup20,5,low,-0.01,0.11,-0.007136376483517452,0.06030293082908046,-0.01572820666217355,0.03761628881194933,0.1399770983620851,0.2608518119778945
nlimup20,20,low,-0.01,0.11,-0.007754513180869246,0.03750452777959097,-0.023855438489255747,0.015159113070125924,0.0901376655222069,0.1347562107791597
nlimdn20,5,high,0.01,-0.03,-0.05000585508565601,-0.06739938636389255,-0.026786410447050744,-0.09596017031209936,0.06020005788574913,-0.1383387611270534
nlimdn20,20,high,0.01,-0.03,-0.05201895059237067,-0.0665983965030107,-0.027455207313271713,-0.07868519435712074,0.03454879244498969,-0.10860663825692227
roe_l,5,high,0.37,0.18,-0.004918688538985872,-0.15435146623098148,-0.00367161996120055,-0.03200008286670301,0.0965562627939942,-0.009582736110607084
roe_l,20,high,0.37,0.18,0.004606656567331284,-0.16351660122701048,-0.0027463693687033706,-0.0354787240238247,0.09217901038153772,-0.017059527904382085
roa_l,5,high,0.25,0.1,0.005874867188487496,-0.15024697494276326,0.0001441947386061153,-0.08712381688777518,0.09914780045967035,-0.09794935426421478
roa_l,20,high,0.25,0.1,0.009166357146114074,-0.14938333611866814,0.00033499467490186006,-0.0864755831184326,0.10013918322748558,-0.10053430008075045
dy_ttm,5,high,0.2,-0.06,-0.03578917407644125,0.05196184071230318,-0.01059575315988585,0.04017097446955369,0.020347609296106278,0.008175308428550784
dy_ttm,20,high,0.2,-0.06,-0.01729437856714604,0.0463961130564535,0.0038083563881651655,0.038387243525016615,0.03165156954445327,0.01584394710709783
indmom20,5,high,0.01,0.06,0.023038492430018695,-0.09159759221907438,0.06380187929826409,-0.05428821564988713,0.17395530443618426,-0.04446420732357427
indmom20,20,high,0.01,0.06,0.02163279030394992,-0.06764318982214387,0.015911400012050266,-0.04057203370774591,0.07358641700626567,-0.05983642492594122
indmom60,5,high,0.02,0.13,0.0009087894185108745,-0.10970608980197463,0.011880663738405475,-0.05700604884750898,0.10105918769282786,-0.05881697774869929
indmom60,20,high,0.02,0.13,-0.009101927563547836,-0.0629761728073319,0.011438064545314867,-0.03844511481142558,0.09704169350295819,-0.031744465409360524
indmom120,5,high,0.02,0.16,0.09969334347808792,-0.1474698848203473,0.1437609273647164,-0.07786862178612229,0.28171184304698726,-0.15783102803382257
indmom120,20,high,0.02,0.16,0.08745290498360395,-0.0902098091004022,0.11498104022846743,-0.06544091503019357,0.25960351357691946,-0.16211772974326946
indrel20,5,low,0.05,0.11,-0.0010507103753617665,0.012108625796324645,-0.006955920681094014,0.013250053504490851,0.17854976319182508,0.3642775019773528
indrel20,20,low,0.05,0.11,-0.012296648591871991,0.0037182693067794492,-0.034722600005349394,-0.011440741512094042,0.04346784546456635,0.17109972774359175
