score,reb,buf,expo,ann,sharpe,mdd,ann_2024,mdd_2024,ann_22_24,turn,bench,y2020,y2021,y2022,y2023,y2024,ann_20bp,sharpe_20bp,mdd_20bp
hand,5,1.5,none,0.21336186046380834,0.8882079989851099,-0.3960058836680136,-0.003406800448754299,-0.39136221272311267,0.13541834638667272,14.62448015600756,0.06294999573388615,0.25929025914808346,0.3353497877984004,0.07908366857945492,0.34050886657059576,-0.003271831361591815,0.17850205524122753,0.7737057375920262,-0.39819662240072773
hand,5,1.5,half<MA120,0.1690482841909784,0.940641763852091,-0.24190356728485385,0.16217836029592925,-0.2120406107286107,0.09438244016272956,14.655813389097803,0.06294999573388615,0.23674515819356134,0.27498469240283074,0.003721931711808457,0.11827431369579178,0.15526760330031641,0.13542172764592153,0.7819105689031727,-0.2626837820457598
hand,5,1.5,cash<MA120,0.10854517087050386,0.7441813566671402,-0.1889297887235647,0.2893171045656686,-0.1189576206414219,0.0334309723468984,14.072068808061392,0.06294999573388615,0.21047553340320735,0.20459725995855016,-0.06989894546422282,-0.0739515296659845,0.2763811720899809,0.07792294541387812,0.5623371690604928,-0.23624478729803078
hand,10,3.0,none,0.22133681883148104,0.921655687009761,-0.38729637617182566,-0.03124173827508714,-0.38729637617182555,0.14389249107128244,9.534209526866182,0.06294999573388615,0.2733175345476513,0.33201617613943446,0.12657722113753533,0.3479743090115712,-0.030020788888810546,0.19831766251396177,0.8459672531675047,-0.38783764248100494
hand,10,3.0,half<MA120,0.16873305929690186,0.9458279379312111,-0.227662660136409,0.12193100720559613,-0.20280300452762645,0.09263304918709414,10.916408628831135,0.06294999573388615,0.24371770636094192,0.2721217409683403,0.02670601109990134,0.12567558903299503,0.11682047440872667,0.14359899184254776,0.826361923738237,-0.24322853956416512
hand,10,3.0,cash<MA120,0.1012387682274214,0.6989050782763001,-0.18384069166609962,0.233322221423524,-0.12620441199137655,0.022482126397677993,11.462874378302258,0.06294999573388615,0.20233305074185437,0.21324405619446174,-0.06561841081714148,-0.06710878376805152,0.22310124268053744,0.07640615082412361,0.5513430049471169,-0.22728647921384726
hand,20,3.0,none,0.2377920131390867,0.9775648483884788,-0.38862112079232125,0.007411279258758174,-0.38862112079232114,0.16467062735459548,6.780985147848982,0.06294999573388615,0.2390490918518997,0.3818184098222699,0.13071160571545315,0.3623749191560841,0.007116136977753484,0.22111322169173064,0.9233389580369403,-0.3888800484194287
hand,20,3.0,half<MA120,0.16258699509744923,0.9180873746878095,-0.2240214864036899,0.1538189353395536,-0.19674254862370333,0.09385380374542751,9.328892507725088,0.06294999573388615,0.20538727189459416,0.27714625347056865,0.007093079257696866,0.1207231454840747,0.14728649562186935,0.14119341904428273,0.815698840816314,-0.23993276607100833
hand,20,3.0,cash<MA120,0.09620243366354786,0.6635672728564608,-0.18747743640495984,0.2735678819857916,-0.12620441199137655,0.03130209475753176,10.414264365403316,0.06294999573388615,0.15288847461510735,0.20871225213062283,-0.07424581325256596,-0.06413350193602141,0.2614050185431338,0.0737285708926414,0.5308996149746411,-0.23011241705414542
ens,5,1.5,none,0.24155690202676872,0.9372669615558057,-0.44696858374342374,-0.023094061837585333,-0.4469685837434241,0.14620425298686568,17.409265297406503,0.06294999573388615,0.30678848094237887,0.3911410148697976,0.14165089473994152,0.3272181292550713,-0.022187875250819222,0.19914736237938646,0.8089020261244729,-0.44825734915928295
ens,5,1.5,half<MA120,0.18292775043989606,0.9837272683841689,-0.2846925646309,0.13464977764606867,-0.2440422228462661,0.08476699914154917,17.22633950823911,0.06294999573388615,0.27810114466857794,0.3357784405840467,0.0472273994540231,0.06924419169118323,0.128976171095748,0.14296026618645952,0.8018880412454966,-0.30751039855920614
ens,5,1.5,cash<MA120,0.1257850711790458,0.8450551970760978,-0.20977017031755552,0.2529392382360063,-0.1116861540039169,0.024116824913257062,15.721573700334543,0.06294999573388615,0.25593918680578587,0.2789348490327741,-0.03231824646056036,-0.10866703452503446,0.24177782079658727,0.09104680923274144,0.6415371663557604,-0.23975538542845343
ens,10,3.0,none,0.24021095471917397,0.9428975000254851,-0.4387537248599227,-0.03380501077303566,-0.43875372485992237,0.15233746663490444,9.131967454156886,0.06294999573388615,0.3159572032089608,0.35363139368605956,0.15710198348286442,0.3439374213201325,-0.03248557609187519,0.21783077768012116,0.8746907822424488,-0.4391382653703083
ens,10,3.0,half<MA120,0.1730330533747233,0.9498183989868978,-0.26657206006784784,0.1239939326091275,-0.22871418932618104,0.08349338365447068,10.844277735150573,0.06294999573388615,0.2695133681543569,0.29845484601514927,0.04379372951606353,0.07886871560825925,0.1187924418083035,0.14797073825423657,0.8338139770719508,-0.2831431766413488
ens,10,3.0,cash<MA120,0.11497408573473167,0.7808067977935926,-0.21277315535276076,0.26231388255870725,-0.11419701331038601,0.021101377995183856,11.528171522574967,0.06294999573388615,0.26040931111437815,0.22971392406046198,-0.048408688072085426,-0.107673663024488,0.25069893711118096,0.08968631579464992,0.6319839502503491,-0.24879311661473913
ens,20,3.0,none,0.2431310339264514,0.9552838145451314,-0.43342112471595373,-0.04015709694822556,-0.4334211247159535,0.1690668138734106,6.4979456444003185,0.06294999573388615,0.2655493602256307,0.3649176668053893,0.1909828873197299,0.36971390266080784,-0.038594724147581805,0.22712919548020416,0.90667987243439,-0.4335506450789899
ens,20,3.0,half<MA120,0.17401294689905056,0.9534362599194518,-0.25255338969345054,0.123111024970054,-0.21806276980326655,0.08746664414480976,9.161568904751052,0.06294999573388615,0.23662105513277454,0.32406206548321803,0.04947107925013228,0.08522636839273123,0.1179484807132134,0.15281338816863044,0.8556069430155062,-0.26885480602466305
ens,20,3.0,cash<MA120,0.1018447805549818,0.698179006923862,-0.21235253367946416,0.2265394096762594,-0.11244338930213604,0.013211753094616752,10.289574118545042,0.06294999573388615,0.21836303511177202,0.2322136102482013,-0.04483331347927988,-0.10632318188872614,0.2166408648549869,0.07953092672049666,0.5668703216277847,-0.25250267950254723
