config,execution,ann,vol,sharpe,mdd,calmar,turn,y2020,y2021,y2022,y2023,y2024
C0 none,proportional,0.2377920131390867,0.2506617407651083,0.9775648483884788,-0.38862112079232125,0.6118864889645628,6.780985147848982,0.2390490918518997,0.3818184098222699,0.13071160571545315,0.3623749191560841,0.007116136977753484
C0 none,capital 3M,0.23782955877061096,0.2504108238145525,0.9784110221849426,-0.38808355709073095,0.6128308051840708,6.7670400962054265,0.23889996832010207,0.38136709483855435,0.13129692570487395,0.3616126262527555,0.007748897779861652
C0 none,capital 10M,0.2376638770039583,0.2506478188069663,0.977191851556093,-0.3886130779266337,0.6115694260007042,6.778981693501317,0.23886111238881602,0.38163740462597207,0.13071839033371657,0.36223332279089027,0.007022058476785498
C1 one-step,proportional,0.17777981095813256,0.18125071096325207,0.9937980183964199,-0.22097337963665575,0.8045304427639839,8.944371011857388,0.2060062435368044,0.3053602528829187,0.018944583463899267,0.12797514672312227,0.16922595311026356
C1 one-step,capital 3M,0.17744170135692938,0.18102702773847276,0.9932136455166246,-0.2196854048969059,0.8077081927231321,8.923293931350127,0.204978239227672,0.3049582585755748,0.019284666661237626,0.12750682244273825,0.16914123319526597
C1 one-step,capital 10M,0.17763478189181692,0.18122598719873534,0.9932290394677066,-0.22092414532880944,0.8040532718931044,8.941332329960273,0.20576866574990293,0.3051448755810582,0.018958455348289105,0.12785894223702998,0.16909443171862915
C1 整体 -5%/day,proportional,0.1880939401435633,0.17405784120965725,1.077860445331896,-0.21532741797427346,0.8735252663738162,6.485256882087873,0.20405948101624172,0.3402059496890979,0.018076867475810943,0.19751734316908087,0.11914713382896203
C1 整体 -5%/day,capital 3M,0.181363512522698,0.17383226990904893,1.0463311140764695,-0.21449826293998608,0.8455243881086404,6.417326514084165,0.19384767402880665,0.33226058406389325,0.012658880911633252,0.19283777392441737,0.11657541051468523
C1 整体 -5%/day,capital 10M,0.18673246345538175,0.174048448330937,1.0713165582438553,-0.21551065119610469,0.8664651255935554,6.481704777488423,0.2017751327211248,0.33932572961692387,0.016848187069497866,0.19578158826222913,0.11910623147194022
C1 整体 -2%/day,proportional,0.1932633822170149,0.17570919580262204,1.0941115124457528,-0.20918138876013037,0.9239033327129845,6.136981929899761,0.20415238482778397,0.31911541600651616,0.026386498245270396,0.2688476166974392,0.08572278033753
C1 整体 -2%/day,capital 3M,0.18551602985152504,0.17626581755956688,1.0542395304258618,-0.21388467791466637,0.8673647484255064,6.0934883046355335,0.19842152592714402,0.3088991785315054,0.01983397231988393,0.271691168798756,0.07157403135149498
C1 整体 -2%/day,capital 10M,0.1894284368467778,0.17575657071640144,1.0755383526116173,-0.2102650845558235,0.90090295898122,6.122536215403733,0.20004437177425172,0.31514176720903775,0.022668159558040468,0.266510956328349,0.08265004703511103
C1 2 names/day,proportional,0.19504197904601517,0.17657631260909293,1.098046987255244,-0.2151928612637517,0.9063589651654915,5.904931383043326,0.2059642457714539,0.31497062065886827,0.04730085285185237,0.27262072314208785,0.06990401318117034
C1 2 names/day,capital 3M,0.19534512800507775,0.17640212462265992,1.100394460267663,-0.21483443733754104,0.9092821915611122,5.890691811910744,0.20610137763567904,0.3150493904978382,0.04802737293590753,0.2721504478616068,0.07061470767946054
C1 2 names/day,capital 10M,0.19494822418867797,0.17656106054012938,1.0976816871679822,-0.215100401136598,0.90631269471635,5.903061011822521,0.20583130703595898,0.31476215583109135,0.04725594617892859,0.2724744642268986,0.06997603984568967
