n,score,overlay,ann,sharpe,mdd,calmar,turn,mcap_med,adv_med_M,y2020,y2021,y2022,y2023,y2024,ann_20bp
50,V0 现行: 剔30%+小盘,C0,0.28305719963572695,1.2036362654007713,-0.3318326373736955,0.8530119335939829,7.301803358303262,25.22,13.754479866499995,0.20018202103897065,0.45219247972798304,0.2864566159105344,0.31172082298090076,0.0646091071975432,0.2643707178521735
50,V0 现行: 剔30%+小盘,C2,0.3164846400582264,1.4301561345481002,-0.2545590678172167,1.2432660237641766,7.410818067461855,25.22,13.754479866499995,0.20693126423303654,0.44652959801889147,0.335325930153481,0.28745336692740664,0.1735993934549691,0.2970066846804542
50,V1 剔30%+小盘/综合,C2,0.3185248259700062,1.4671060395691935,-0.20373925088077238,1.5633945083876155,8.785658733163768,32.71,17.872483350000003,0.2575147937856552,0.408640131505132,0.3265433032682592,0.2121817383885518,0.24544883549237428,0.2954033888666794
50,V2 剔30%+小盘/VWAP+MAX,C2,0.27505865128345697,1.2865461222386927,-0.218353417379192,1.2596947397703915,8.337911019117039,30.055,18.740578935500146,0.25293428652405914,0.20593338162182895,0.29954848121109423,0.21033859577172787,0.28029532771396526,0.2539112440094715
50,V3 剔30%+三者等权,C2,0.29092360535931827,1.3859734323011161,-0.18668879359067725,1.5583345939723627,8.940068608947954,38.04,21.211675959499885,0.20760779673199314,0.24424679222838952,0.27877734885191363,0.20074004473556317,0.39565380099189373,0.26791940995050845
50,V4 剔50%+小盘,C2,0.30864622938484465,1.4110825836944163,-0.23892190931962465,1.2918289087165475,8.212390450373789,26.27,13.82712725,0.2516024605045575,0.38689513641037476,0.3657147745472831,0.23046535733064255,0.1749850406051927,0.2872417718929985
50,V5 剔30%+小盘/LightGBM,C2,0.29196503129816764,1.3048198775183475,-0.26866453659098677,1.086727094698968,7.107737902207435,21.93,16.639640323999785,0.17600363309000544,0.43769512717936143,0.3555250139582582,0.285991787283413,0.09657072077085282,0.2736534314012071
50,V6 剔30%+小盘/RSI超卖,C2,0.2919713348444535,1.321721253092891,-0.19751968496560335,1.4781885405259643,10.382608772750126,32.69,20.138533163500213,0.13967134277750604,0.28978010540560706,0.22401997036790466,0.19390260523863523,0.504578457634755,0.26517591523629735
50,V7 现行+剔除RSI>70,C2,0.3030083301189963,1.376994799948328,-0.26073490472412286,1.1621318228934554,7.949256047429955,25.55,13.888093300000001,0.20861192384667193,0.4709444835477572,0.3227469007502528,0.2517883753020018,0.1415484126969262,0.2823480238096647
50,V8 剔30%+小盘/质量ROE,C2,0.21544695144681492,1.1544977682716415,-0.17779481771849648,1.2117729538547815,4.685120743565269,44.78,23.18284875,0.22941956613068903,0.2534499904440548,0.1384904408946972,0.1249436691094521,0.23814019474966353,0.20425192146886562
50,V9 剔30%+小盘/价值股息率,C2,0.3198528590600276,1.6020169365798123,-0.2001703664727802,1.5979031496828588,4.866422993647153,42.08,20.205030470000267,0.27850091044987146,0.37588191658165915,0.3167212281936864,0.20618637543881757,0.2756745340599134,0.3071680327586419
50,V10 剔30%+六项等权,C2,0.20361798171301637,1.120679392454174,-0.1850232119222489,1.1004996594620864,8.584938157883832,65.42,32.2417959130002,0.21726137834261805,0.14945118730262608,0.10873053893017848,0.09336668962642136,0.3775924947351106,0.18312847271297872
100,V0 现行: 剔30%+小盘,C0,0.26598429475691976,1.1523366109864446,-0.3314234706645134,0.8025511718395012,6.000402012602055,25.83,15.224614615500068,0.22543577195111597,0.39619573425517296,0.29280148353436153,0.282353173667258,0.03819829065530578,0.25089360680578143
100,V0 现行: 剔30%+小盘,C2,0.29738466701902255,1.371327443299881,-0.2553655628925582,1.1645449122055012,6.212282157577167,25.83,15.224614615500068,0.22956176571132314,0.38517518506275095,0.3386114108758431,0.2616196098834773,0.1453682214167984,0.2813663543588838
100,V1 剔30%+小盘/综合,C2,0.2831616853248744,1.3584383138465228,-0.20070736874132378,1.4108185818021441,7.501957256015999,34.22,19.791085824999808,0.24974167571049133,0.29654198735000104,0.3035681753435151,0.17364655602436851,0.26351985000116707,0.26402100360684333
100,V2 剔30%+小盘/VWAP+MAX,C2,0.30202405839169555,1.4242027794205752,-0.19688518749950967,1.5340110763408634,6.8141617339990574,31.8,19.93206164300003,0.22290561968164413,0.2932340439163885,0.33173772555695424,0.21926689520846976,0.3040514703751509,0.28438674573356026
100,V3 剔30%+三者等权,C2,0.28271141589668614,1.380785190213802,-0.18759137232221956,1.5070597991632684,7.61860622438526,38.655,22.881140924999997,0.24332453387419295,0.3038110908422764,0.28445384802227003,0.1595122911307445,0.29529577144762875,0.263303570602786
100,V4 剔50%+小盘,C2,0.3098904573411483,1.4451726993253728,-0.22296321659806884,1.3898725631492004,7.282209825788243,27.44,15.582392309250258,0.24160952809043001,0.41552665200206373,0.31516901116348284,0.24196767060222513,0.1991315230027737,0.29091116597378375
100,V5 剔30%+小盘/LightGBM,C2,0.29616199561073375,1.3479160677670081,-0.26540564073811423,1.1158843300657952,6.08267316437607,23.89,18.422393850000002,0.19652068450862692,0.39941551532446606,0.41843178576232143,0.25849150114036745,0.09744395692448893,0.28050756324476755
100,V6 剔30%+小盘/RSI超卖,C2,0.25807933258933735,1.2118814850303796,-0.19300167057227502,1.3371870400090249,9.360348807831455,33.57,21.931869562000276,0.12940201271003038,0.2502803750631031,0.21861403906943244,0.14620920681175553,0.45081961917173863,0.23462409538952977
100,V7 现行+剔除RSI>70,C2,0.2866582405315041,1.3352894924784071,-0.2494955050619484,1.1489515230357694,6.866776959708994,26.75,15.7005853,0.22371674315891465,0.39261778224538824,0.274629167882269,0.2605232990277213,0.15830895490253183,0.26909276288987405
100,V8 剔30%+小盘/质量ROE,C2,0.2232144705689485,1.197369974920589,-0.2001971732013761,1.114973138728685,4.555899000747666,45.114999999999995,25.932989830250026,0.24775637188574318,0.2812847830548708,0.13963260888891238,0.10508166804880781,0.24960193901780658,0.21226956553501242
100,V9 剔30%+小盘/价值股息率,C2,0.28491457649689234,1.4765065352461657,-0.18725278647045118,1.5215505299935943,4.4072960533283725,44.4,23.04005293999996,0.25290348133794116,0.3213027566357607,0.27063286908118367,0.18070460560329482,0.2690936342060164,0.2737852922548447
100,V10 剔30%+六项等权,C2,0.20747714437234088,1.146310279737872,-0.17921671182197318,1.1576886009293625,7.255772585525475,67.42,34.7178214,0.2187018178715836,0.1644220339755098,0.08680952721537039,0.10854389803816389,0.38688118366421387,0.19014236875397894
