test,value,ann,mdd,sharpe,turn
junk cut,0.2,0.3140965101540838,-0.21148353807892195,1.5778328039028071,4.467592239323285
junk cut,0.3,0.3198528590600276,-0.2001703664727802,1.6020169365798123,4.866422993647153
junk cut,0.4,0.3113694876191688,-0.20238025592119868,1.578398972376449,5.392599852699175
dy weight,0.3,0.3278007838724213,-0.19892336715735803,1.5915372846629618,5.49502868558616
dy weight,0.5,0.3198528590600276,-0.2001703664727802,1.6020169365798123,4.866422993647153
dy weight,0.7,0.25824811077426113,-0.2186661535349319,1.378346802474198,4.269057917383529
holdings,40,0.3195324077234243,-0.2103774516618171,1.5944167614956537,5.03639084275838
holdings,50,0.3198528590600276,-0.2001703664727802,1.6020169365798123,4.866422993647153
holdings,60,0.3055933537098443,-0.20131001018708605,1.5489824501029914,4.718347594330502
rebalance,10,0.29349040359477363,-0.1953862624447299,1.4968433795532476,5.964656085160246
rebalance,20,0.3198528590600276,-0.2001703664727802,1.6020169365798123,4.866422993647153
rebalance,30,0.28785320400481695,-0.2131571669698179,1.4953686122640188,3.974242794118698
ADV floor,5M,0.32337441726358107,-0.17734007835188714,1.6323257434571816,4.261671237869248
ADV floor,10M,0.3198528590600276,-0.2001703664727802,1.6020169365798123,4.866422993647153
ADV floor,20M,0.23824668137668503,-0.22748430347822224,1.2895659860382844,6.099765155593831
rebalance offset,0,0.3198528590600276,-0.2001703664727802,1.6020169365798123,4.866422993647153
rebalance offset,5,0.28483646266043183,-0.20090477098246673,1.4727419256659777,4.957565653437152
rebalance offset,10,0.2712295264593738,-0.19583036848151003,1.4110028033124271,4.8890122993202185
rebalance offset,15,0.2888546166128485,-0.20912570268004294,1.4791476780241275,4.803880718732493
