kind,state,at_tp20,at_tp10,any_day,near_given_state,near_base
底部,RSI14<30,0.625,0.54,0.04509283819628647,0.39869281045751637,0.1536987916298261
底部,RSI6<20,0.625,0.54,0.04877689360447981,0.32628398791540786,0.1536987916298261
底部,周RSI14<35,0.5625,0.42,0.11140583554376658,0.43386243386243384,0.1536987916298261
底部,量比<0.8 (缩量),0.75,0.58,0.2929560860595343,0.2052313883299799,0.1536987916298261
底部,DIF<0 (零轴下),1.0,0.9,0.4873268493958149,0.2588448745086181,0.1536987916298261
底部,RSI14<30 且 量比<0.8,0.5,0.36,0.029472443265546714,0.365,0.1536987916298261
顶部,RSI14>70,0.625,0.4,0.08900677866195107,0.25662251655629137,0.15266725611553197
顶部,RSI6>80,0.4375,0.36,0.07530209254347185,0.24070450097847357,0.15266725611553197
顶部,周RSI14>65,0.625,0.36,0.17005599764220453,0.2634315424610052,0.15266725611553197
顶部,量比>1.3 (放量),0.625,0.58,0.2428529325081049,0.2973300970873786,0.15266725611553197
顶部,DIF>0 (零轴上),0.875,0.86,0.5126731506041851,0.23512503592986492,0.15266725611553197
顶部,RSI14>70 且 量比>1.5,0.4375,0.28,0.0623342175066313,0.2624113475177305,0.15266725611553197
