theta,basis,shift,observed,expected,ratio,n
0.05,收盘,-0.09,38.0,32.57451373305476,1.1665561706126029,265
0.05,收盘,-0.07,34.0,33.50908346670176,1.0146502524841083,265
0.05,收盘,-0.05,32.0,34.41772137766699,0.929753589694761,265
0.05,收盘,0.0,37.0,36.555458538125286,1.012160740957772,265
0.05,收盘,0.05,39.0,38.39735504580249,1.0156949600689589,265
0.05,收盘,0.07,42.0,39.015426999772515,1.0764972532594577,265
0.05,收盘,0.09,33.0,39.55258288578203,0.8343323644702484,265
0.05,高低点,-0.09,33.0,32.29863353296244,1.0217150507720947,265
0.05,高低点,-0.07,35.0,33.318580552444715,1.0504649183631538,265
0.05,高低点,-0.05,36.0,34.341360600344984,1.0482985930277426,265
0.05,高低点,0.0,27.0,36.90308929712219,0.7316460630873398,265
0.05,高低点,0.05,53.0,39.28537504840096,1.3491025587690622,265
0.05,高低点,0.07,46.0,40.10801713897817,1.146902870830177,265
0.05,高低点,0.09,42.0,40.82380518136359,1.0288114940146087,265
0.1,收盘,-0.09,17.0,13.686790608254672,1.2420735062423685,100
0.1,收盘,-0.07,8.0,14.225997455289475,0.5623507262069318,100
0.1,收盘,-0.05,9.0,14.745477012472485,0.6103566532562722,100
0.1,收盘,0.0,21.0,15.954034902633882,1.3162814377780425,100
0.1,收盘,0.05,16.0,16.995798167098837,0.9414091555272441,100
0.1,收盘,0.07,15.0,17.349674903792565,0.8645695140213299,100
0.1,收盘,0.09,15.0,17.659964791457124,0.8493788168397787,100
0.1,高低点,-0.09,15.0,13.485050481049164,1.1123428882286965,100
0.1,高低点,-0.07,10.0,14.060426025934603,0.7112160030965559,100
0.1,高低点,-0.05,13.0,14.624874228272326,0.8888965332001849,100
0.1,高低点,0.0,15.0,15.981496005249102,0.9385854737925203,100
0.1,高低点,0.05,19.0,17.18419837637287,1.1056669379540995,100
0.1,高低点,0.07,19.0,17.592021403659786,1.0800350661264715,100
0.1,高低点,0.09,18.0,17.946534668789432,1.0029791451217347,100
0.15,收盘,-0.09,3.0,6.03143099857612,0.49739439955596443,54
0.15,收盘,-0.07,2.0,6.311945236469541,0.31685952983943494,54
0.15,收盘,-0.05,8.0,6.587011666988326,1.2145112843951757,54
0.15,收盘,0.0,11.0,7.223362326600524,1.5228365271795588,54
0.15,收盘,0.05,4.0,7.775141091372991,0.5144601175711464,54
0.15,收盘,0.07,3.0,7.979505777559032,0.37596313401225634,54
0.15,收盘,0.09,5.0,8.178286111627337,0.6113750401678093,54
0.2,收盘,-0.09,2.0,3.4075814021780806,0.5869265511079579,32
0.2,收盘,-0.07,4.0,3.5638200758499012,1.1223911182009036,32
0.2,收盘,-0.05,5.0,3.71908942242896,1.344415105978944,32
0.2,收盘,0.0,3.0,4.074642613413527,0.7362608907402443,32
0.2,收盘,0.05,5.0,4.344281687043393,1.1509382586567198,32
0.2,收盘,0.07,6.0,4.42668333390456,1.3554165833469942,32
0.2,收盘,0.09,6.0,4.498286321374387,1.3338412833994049,32
