family,signal,side,n,per_year,catch,catch_base,recall10,recall20,lag20,dist20,catch_lift,p_win,p_win_base,fwd20,fwd20_base,fwd60,fwd60_base,fwd120,fwd120_base,p_rand60
成交量,地量: MA5量创250日新低,bull,1,0.5754716981132075,0.0,0.09669811320754718,0.0,NaN,NaN,NaN,0.0,NaN,0.4240506329113924,NaN,0.009431432066905795,NaN,0.026894611333682,NaN,0.07173872163359524,NaN
成交量,天量: MA5量创250日新高,bear,1,0.5754716981132075,0.0,0.09669811320754718,0.0,NaN,NaN,NaN,0.0,NaN,0.014760147601476014,0.0014269666621677928,0.009431432066905795,-0.01826228330039097,0.026894611333682,-0.060874086837819016,0.07173872163359524,0.18515
成交量,量能由缩转放,bull,1,0.5754716981132075,0.0,0.09669811320754718,0.0,NaN,NaN,NaN,0.0,0.0,0.4240506329113924,0.007844956819607554,0.009431432066905795,0.02121826266633886,0.026894611333682,0.08817452216489732,0.07173872163359524,0.4911
成交量,量能由放转缩,bear,2,1.150943396226415,0.0,0.09669811320754718,0.0,NaN,NaN,NaN,0.0,0.0,0.014760147601476014,0.004044047524724899,0.009431432066905795,0.01514331170402283,0.026894611333682,-0.011252018065929932,0.07173872163359524,0.39725
成交量,量价背离: 价创120日高、量不足,bear,4,2.30188679245283,0.0,0.09669811320754718,0.0,NaN,NaN,NaN,0.0,0.3333333333333333,0.014760147601476014,-0.017656868818697317,0.009431432066905795,0.021838386159382307,0.026894611333682,0.006900787872068621,0.07173872163359524,0.43555
成交量,"恐慌放量下跌(≥2倍量,跌≥3%)",bull,0,0.0,NaN,0.09669811320754718,0.0,NaN,NaN,NaN,NaN,NaN,0.4240506329113924,NaN,0.009431432066905795,NaN,0.026894611333682,NaN,0.07173872163359524,NaN
成交量,"放量大涨(≥2倍量,涨≥3%)",bull,0,0.0,NaN,0.09669811320754718,0.0,NaN,NaN,NaN,NaN,NaN,0.4240506329113924,NaN,0.009431432066905795,NaN,0.026894611333682,NaN,0.07173872163359524,NaN
MACD,金叉(全部),bull,13,7.481132075471699,0.15384615384615385,0.09669811320754718,1.0,NaN,NaN,NaN,1.5909943714821764,0.5555555555555556,0.4240506329113924,0.014246277497316065,0.009431432066905795,0.04005651640861934,0.026894611333682,0.07123778263005213,0.07173872163359524,0.2028
MACD,零轴下金叉,bull,7,4.028301886792453,0.14285714285714285,0.09669811320754718,1.0,NaN,NaN,NaN,1.4773519163763065,0.5,0.4240506329113924,0.029590607110089474,0.009431432066905795,0.01859395016383314,0.026894611333682,0.06435798575029351,0.07173872163359524,0.63165
MACD,零轴上金叉,bull,6,3.4528301886792456,0.16666666666666666,0.09669811320754718,1.0,NaN,NaN,NaN,1.7235772357723576,0.6,0.4240506329113924,-0.0010980521154573448,0.009431432066905795,0.0579419882792745,0.026894611333682,0.07582431388322453,0.07173872163359524,0.0791
MACD,底背离金叉,bull,0,0.0,NaN,0.09669811320754718,0.0,NaN,NaN,NaN,NaN,NaN,0.4240506329113924,NaN,0.009431432066905795,NaN,0.026894611333682,NaN,0.07173872163359524,NaN
MACD,死叉(全部),bear,13,7.481132075471699,0.07692307692307693,0.09669811320754718,1.0,NaN,NaN,NaN,0.7954971857410882,0.0,0.014760147601476014,0.013808947034062732,0.009431432066905795,0.03300197366618527,0.026894611333682,0.07073730132774843,0.07173872163359524,0.66135
MACD,零轴上死叉,bear,11,6.330188679245283,0.09090909090909091,0.09669811320754718,1.0,NaN,NaN,NaN,0.9401330376940132,0.0,0.014760147601476014,0.015029276158262139,0.009431432066905795,0.0386944573443677,0.026894611333682,0.07237315576223974,0.07173872163359524,0.76145
MACD,零轴下死叉,bear,3,1.7264150943396228,0.0,0.09669811320754718,0.0,NaN,NaN,NaN,0.0,0.0,0.014760147601476014,0.00770730141306571,0.009431432066905795,0.004539555275273107,0.026894611333682,0.05601461141732659,0.07173872163359524,0.2922
MACD,顶背离死叉,bear,3,1.7264150943396228,0.0,0.09669811320754718,0.0,NaN,NaN,NaN,0.0,0.0,0.014760147601476014,-0.008642725290008275,0.009431432066905795,0.021216652392409885,0.026894611333682,0.00509836341499315,0.07173872163359524,0.4347
MACD,周金叉,bull,3,1.7264150943396228,0.3333333333333333,0.09669811320754718,1.0,NaN,NaN,NaN,3.447154471544715,0.3333333333333333,0.4240506329113924,-0.0011595877981613295,0.009431432066905795,0.03091972650401452,0.026894611333682,0.055296006738625704,0.07173872163359524,0.44275
MACD,周底背离金叉,bull,0,0.0,NaN,0.09669811320754718,0.0,NaN,NaN,NaN,NaN,NaN,0.4240506329113924,NaN,0.009431432066905795,NaN,0.026894611333682,NaN,0.07173872163359524,NaN
MACD,周死叉,bear,4,2.30188679245283,0.0,0.09669811320754718,0.0,NaN,NaN,NaN,0.0,0.0,0.014760147601476014,-0.00458806975751154,0.009431432066905795,0.028791040879197944,0.026894611333682,0.07458055268702803,0.07173872163359524,0.53475
MACD,周顶背离死叉,bear,1,0.5754716981132075,0.0,0.09669811320754718,0.0,NaN,NaN,NaN,0.0,NaN,0.014760147601476014,-0.06811444972251066,0.009431432066905795,0.0075234281810594595,0.026894611333682,-0.02465651638615655,0.07173872163359524,0.39185
RSI,RSI14下穿30(进入超卖),bull,4,2.30188679245283,0.25,0.09669811320754718,1.0,NaN,NaN,NaN,2.585365853658536,1.0,0.4240506329113924,0.06198488589173955,0.009431432066905795,0.07770111207821381,0.026894611333682,0.1119623546808244,0.07173872163359524,0.0516
RSI,RSI14上穿30(离开超卖),bull,4,2.30188679245283,0.25,0.09669811320754718,1.0,NaN,NaN,NaN,2.585365853658536,1.0,0.4240506329113924,0.048374545658251195,0.009431432066905795,0.053816842168050716,0.026894611333682,0.09037281456738476,0.07173872163359524,0.19145
RSI,RSI6下穿20,bull,7,4.028301886792453,0.14285714285714285,0.09669811320754718,1.0,NaN,NaN,NaN,1.4773519163763065,0.5,0.4240506329113924,0.030549056226076152,0.009431432066905795,0.03829183641920051,0.026894611333682,0.05705685946963718,0.07173872163359524,0.29635
RSI,周RSI14<30,bull,0,0.0,NaN,0.09669811320754718,0.0,NaN,NaN,NaN,NaN,NaN,0.4240506329113924,NaN,0.009431432066905795,NaN,0.026894611333682,NaN,0.07173872163359524,NaN
RSI,RSI14上穿70(进入超买),bear,6,3.4528301886792456,0.16666666666666666,0.09669811320754718,1.0,NaN,NaN,NaN,1.7235772357723576,0.25,0.014760147601476014,0.00447116406712753,0.009431432066905795,0.011778798288529796,0.026894611333682,0.03781073050800412,0.07173872163359524,0.2505
RSI,RSI14下穿70(离开超买),bear,5,2.8773584905660377,0.2,0.09669811320754718,1.0,NaN,NaN,NaN,2.0682926829268293,0.0,0.014760147601476014,0.01697032224455841,0.009431432066905795,0.034759388708761205,0.026894611333682,0.07036052342212737,0.07173872163359524,0.6381
RSI,RSI6上穿80,bear,6,3.4528301886792456,0.16666666666666666,0.09669811320754718,1.0,NaN,NaN,NaN,1.7235772357723576,0.0,0.014760147601476014,0.013196229991650578,0.009431432066905795,0.031998170717635506,0.026894611333682,0.06403522747809727,0.07173872163359524,0.60195
RSI,周RSI14>70,bear,3,1.7264150943396228,0.0,0.09669811320754718,0.0,NaN,NaN,NaN,0.0,0.0,0.014760147601476014,0.006511377821780184,0.009431432066905795,0.04128289442956065,0.026894611333682,0.04001192362290027,0.07173872163359524,0.6837
事后组合,超卖缩量: RSI14<30且量比<0.8,bull,0,0.0,NaN,0.09669811320754718,0.0,NaN,NaN,NaN,NaN,NaN,0.4240506329113924,NaN,0.009431432066905795,NaN,0.026894611333682,NaN,0.07173872163359524,NaN
事后组合,超买放量: RSI14>70且量比>1.5,bear,3,1.7264150943396228,0.0,0.09669811320754718,0.0,NaN,NaN,NaN,0.0,0.0,0.014760147601476014,-0.0014037374518021094,0.009431432066905795,-0.0004400297444840289,0.026894611333682,-0.027384969697164613,0.07173872163359524,0.19195
基准,过滤规则: 低点反弹10%确认,bull,1,0.5754716981132075,0.0,0.09669811320754718,0.0,NaN,NaN,NaN,0.0,1.0,0.4240506329113924,0.04607646329137924,0.009431432066905795,0.12134419295658457,0.026894611333682,0.12352030462962346,0.07173872163359524,0.0342
基准,过滤规则: 高点回落10%确认,bear,2,1.150943396226415,0.0,0.09669811320754718,0.0,NaN,NaN,NaN,0.0,0.0,0.014760147601476014,0.0608280982071993,0.009431432066905795,0.1145256855231715,0.026894611333682,0.21207317897282935,0.07173872163359524,0.947
