date,kind,close,leg_pct,leg_days,fib_ratio,confirm_lag,vr,rsi14,rsi6,wrsi14,macd_cross_lag,macd_cross_dist,signals_pm20
1997-05-12,顶,1500.4,73.3,86,1.661,35,1.73,70.4,68.6,63.6,2,-8.1,量能由放转缩 / 死叉 / 零轴上死叉 / 零轴下死叉 / 顶背离死叉 / 周死叉 / RSI14上穿70 / RSI14下穿70 / 超买放量
1997-09-23,底,1042.0,-30.6,94,0.722,121,0.43,26.0,13.1,43.6,10,8.5,地量 / 量能由缩转放 / 金叉 / 零轴下金叉 / RSI14下穿30 / RSI14上穿30 / RSI6下穿20 / 超卖缩量
1998-06-03,顶,1420.0,36.3,165,0.825,53,1.77,75.1,84.4,73.7,2,-0.8,量能由放转缩 / 量价背离 / 死叉 / 零轴上死叉 / 顶背离死叉 / RSI14上穿70 / RSI14下穿70 / RSI6上穿80 / 周RSI14>70 / 超买放量
1998-08-17,底,1070.4,-24.6,53,0.925,59,0.9,15.9,7.9,34.8,6,10.2,量能由缩转放 / 金叉 / 零轴下金叉 / RSI14下穿30 / RSI14上穿30 / RSI6下穿20
1999-06-29,顶,1739.2,62.5,209,1.913,120,5.26,80.9,82.6,78.4,3,-7.2,天量 / 量能由放转缩 / 死叉 / 零轴上死叉 / RSI14下穿70 / 周RSI14>70
1999-12-27,底,1345.4,-22.6,123,0.589,23,0.52,26.6,15.4,38.9,4,4.5,量能由缩转放 / 恐慌放量下跌 / 放量大涨 / 金叉 / 零轴下金叉 / 底背离金叉 / RSI14下穿30 / RSI14上穿30 / RSI6下穿20 / 超卖缩量
2001-06-13,顶,2242.4,66.7,344,2.278,68,0.79,66.8,70.5,65.9,13,-1.6,天量 / 量能由放转缩 / 死叉 / 零轴上死叉 / 顶背离死叉 / RSI14上穿70 / RSI14下穿70 / RSI6上穿80 / 超买放量
2002-01-22,底,1358.7,-39.4,151,0.985,23,0.66,18.3,10.7,27.1,7,9.8,量能由缩转放 / 放量大涨 / 金叉 / 零轴下金叉 / RSI14下穿30 / RSI14上穿30 / 周RSI14<30 / 超卖缩量
2002-07-08,顶,1732.9,27.5,104,0.423,95,1.62,69.2,73.5,55.4,4,-2.0,天量 / 量能由放转缩 / 量价背离 / 死叉 / 零轴上死叉 / 周死叉 / RSI14上穿70 / RSI14下穿70 / RSI6上穿80 / 超买放量
2003-01-03,底,1319.9,-23.8,122,1.104,64,0.77,25.4,10.6,28.1,4,5.9,放量大涨 / 金叉 / 零轴下金叉 / 底背离金叉 / 周金叉 / RSI14下穿30 / RSI14上穿30 / RSI6下穿20 / 周RSI14<30 / 超卖缩量
2004-04-06,顶,1777.5,34.7,299,1.108,53,1.43,66.6,76.5,65.2,3,-2.8,量价背离 / 死叉 / 零轴上死叉 / 顶背离死叉 / 周死叉 / 周RSI14>70
2005-07-11,底,1011.5,-43.1,306,1.674,47,0.76,32.3,18.1,33.4,9,3.4,量能由缩转放 / 金叉 / 零轴下金叉 / 底背离金叉 / 周金叉 / RSI6下穿20
2007-10-16,顶,6092.1,502.3,549,6.632,30,0.98,79.6,90.0,82.9,4,-7.0,死叉 / 零轴上死叉 / 周死叉 / RSI14上穿70 / RSI14下穿70 / RSI6上穿80
2008-04-18,底,3094.7,-49.2,125,0.59,9,0.51,29.6,22.7,25.1,3,5.9,量能由缩转放 / 放量大涨 / 金叉 / 零轴下金叉 / 底背离金叉 / RSI14下穿30 / RSI14上穿30 / 周RSI14<30 / 超卖缩量
2008-05-05,顶,3761.0,21.5,9,0.222,27,1.13,58.8,75.7,38.8,13,-7.3,量能由放转缩 / 死叉 / 零轴下死叉
2008-09-18,底,1895.8,-49.6,96,2.799,5,0.73,17.8,5.7,22.4,2,18.0,量能由缩转放 / 放量大涨 / 金叉 / 零轴下金叉 / 底背离金叉 / RSI14下穿30 / RSI14上穿30 / RSI6下穿20 / 周RSI14<30 / 超卖缩量
2008-09-25,顶,2297.5,21.2,5,0.215,17,1.51,53.2,69.6,31.5,9,-13.2,量能由放转缩 / 死叉 / 零轴下死叉
2008-11-04,底,1706.7,-25.7,23,1.471,24,0.75,31.1,27.3,24.1,2,0.6,恐慌放量下跌 / 放量大涨 / 金叉 / 零轴下金叉 / 底背离金叉 / 周金叉 / RSI14下穿30 / RSI14上穿30 / RSI6下穿20 / 周RSI14<30
2009-08-04,顶,3471.4,103.4,184,2.987,19,1.93,70.6,70.4,70.9,2,-3.3,天量 / 量能由放转缩 / 死叉 / 零轴上死叉 / 顶背离死叉 / 周死叉 / RSI14上穿70 / RSI14下穿70 / RSI6上穿80 / 超买放量
2009-08-31,底,2667.7,-23.2,19,0.455,49,1.1,31.1,21.6,52.2,6,9.8,量能由缩转放 / 金叉 / 零轴下金叉 / RSI14下穿30 / RSI14上穿30 / RSI6下穿20
2009-11-23,顶,3338.7,25.1,54,0.835,113,1.26,74.5,86.5,55.2,3,-5.0,量能由放转缩 / 死叉 / 零轴上死叉 / 周死叉 / RSI14上穿70 / RSI14下穿70 / RSI6上穿80
2010-07-05,底,2363.9,-29.2,149,1.453,63,0.51,26.8,16.4,35.0,4,4.5,地量 / 量能由缩转放 / 金叉 / 零轴下金叉 / 底背离金叉 / RSI14下穿30 / RSI14上穿30 / RSI6下穿20 / 周RSI14<30 / 超卖缩量
2010-11-08,顶,3159.5,33.7,82,0.816,185,1.81,76.5,82.0,59.9,4,-5.5,天量 / 量能由放转缩 / 死叉 / 零轴上死叉 / 顶背离死叉 / RSI14上穿70 / RSI14下穿70 / RSI6上穿80 / 超买放量
2012-12-03,底,1959.8,-38.0,506,1.508,38,0.76,31.8,26.9,43.8,2,3.7,量能由缩转放 / 放量大涨 / 金叉 / 零轴下金叉 / 零轴上金叉 / 周金叉 / 周底背离金叉 / RSI14下穿30 / RSI14上穿30 / RSI6下穿20 / 超卖缩量
2015-06-12,顶,5166.4,163.6,611,2.673,10,2.04,72.6,79.7,84.5,2,-5.4,天量 / 量能由放转缩 / 量价背离 / 死叉 / 零轴上死叉 / 顶背离死叉 / 周死叉 / RSI14上穿70 / RSI14下穿70 / RSI6上穿80 / 超买放量
2015-08-26,底,2927.3,-43.3,52,0.698,44,0.93,24.5,10.7,39.9,9,9.2,金叉 / 零轴下金叉 / RSI14下穿30 / RSI14上穿30 / RSI6下穿20
2015-12-22,顶,3651.8,24.7,77,0.324,17,0.62,62.5,77.4,52.5,6,-2.2,死叉 / 零轴上死叉 / 顶背离死叉 / 周死叉
2016-01-28,底,2655.7,-27.3,26,1.375,190,0.45,25.5,18.9,32.9,5,4.7,地量 / 量能由缩转放 / 金叉 / 零轴下金叉 / RSI14下穿30 / RSI14上穿30 / RSI6下穿20 / 超卖缩量
2018-01-24,顶,3559.5,34.0,486,0.907,99,1.3,81.4,93.7,71.4,5,-2.2,量能由放转缩 / 死叉 / 零轴上死叉 / 周死叉 / 周顶背离死叉 / RSI14上穿70 / RSI14下穿70 / RSI6上穿80 / 周RSI14>70
2019-01-03,底,2464.4,-30.8,228,1.212,32,0.78,32.0,20.6,36.9,3,2.5,量能由缩转放 / 金叉 / 零轴下金叉 / RSI6下穿20
2021-09-13,顶,3715.4,50.8,656,1.142,145,1.87,71.9,86.7,55.7,4,-2.7,天量 / 量能由放转缩 / 死叉 / 零轴上死叉 / 零轴下死叉 / RSI14上穿70 / RSI14下穿70 / RSI6上穿80 / 超买放量
2024-02-05,底,2702.2,-27.3,581,0.81,156,1.28,30.2,21.5,41.2,3,6.1,金叉 / 零轴下金叉 / 周金叉 / RSI14下穿30 / RSI14上穿30 / RSI6下穿20 / 周RSI14<30
